"VEH_ID","DATE","TIME","SPEED","ACCEL","location","Vehicle Type","Make","Model","Year","Fuel Type","Zip","Weight Rating","Registered Weight","Last Emissions Date","CO_g_kg","HC_g_kg","NO_g_kg","NH3_g_kg","NO2_g_kg"
1,"7/12/2022","10:00:06",NA,NA,"Univ Ave","Truck","RAM","2500","2018","Gasoline","84042","b. 6,001 - 10,000","10000",2020-12-10,-25.7571955037183,9.92170944751288,-0.161336279528785,-0.0745826485190084,NA
2,"7/12/2022","10:00:48",33.2,0.924,"Univ Ave","Truck","GENERAL MOTORS CORP.","SIERRA","2017","Gasoline","84663","b. 6,001 - 10,000","10000",2021-09-25,2.53746093645664,-6.67371304941753,-0.0815612443861062,0.103787875897174,NA
3,"7/12/2022","10:02:05",32.6,-0.054,"Univ Ave","Passenger Vehicle","CHEVROLET","K15/BLAZER/SUBURBAN","2002","Gasoline","84010","a. 6,000 and less","6000",2022-01-06,34.5207968334307,19.7817885184052,0.58260797018827,0.237956190846983,0.882671931922467
4,"7/12/2022","10:02:18",NA,NA,"Univ Ave","Passenger Vehicle","HONDA","PILOT","2011","Gasoline","84045","a. 6,000 and less","6000",2022-02-10,10.7451282119311,-0.37522669946426,0.477561253863603,0.360018647629913,NA
5,"7/12/2022","10:02:31",36.1,1.727,"Univ Ave","Truck","RAM","1500 CLASSIC","2020","Gasoline","84047","b. 6,001 - 10,000","8000",NA,-9.8115642052633,-11.6586727699332,0.754588010306943,0.17789460344768,1.13274604753328
6,"7/12/2022","10:02:34",31.7,0.425,"Univ Ave","Truck","JEEP","GRAND CHEROKEE","2015","Gasoline","84042","b. 6,001 - 10,000","8000",2022-04-26,-3.94586276289311,11.2851675018743,0.481958951753372,0.159713492783769,-0.780059488578606
7,"7/12/2022","10:03:38",NA,NA,"Univ Ave","Truck","FORD","F150","2018","Gasoline","84604","b. 6,001 - 10,000","10000",2020-08-26,-22.94832623981,-1.59342198807983,-0.0128655483487307,3.03688886262835,-0.324402419104291
8,"7/12/2022","10:03:40",36.2,1.388,"Univ Ave","Passenger Vehicle","TOYOTA","COROLLA/S/LE/XLE","2010","Gasoline","84604","a. 6,000 and less","6000",2022-08-06,7.50424582329476,8.44086597868343,0.321610535284061,0.0303743283323835,NA
9,"7/12/2022","10:03:56",28.8,0.623,"Univ Ave","Passenger Vehicle","BMW","328","2016","Gasoline","84041","a. 6,000 and less","6000",2021-04-07,-27.9322213396876,7.90498884224063,0.426926131850675,0.377756344793676,1.07870948220432
10,"7/12/2022","10:04:04",30.8,1.047,"Univ Ave","Truck","ACURA","RDX","2017","Gasoline","84604","a. 6,000 and less","6000",2021-07-06,13.4353175922847,-3.97168511568245,-0.00285049170981994,0.409473134115635,0.900375314741793
11,"7/12/2022","10:04:35",36.7,1.064,"Univ Ave","Passenger Vehicle","GEO","PRIZM/LSI","1991","Gasoline","84606","a. 6,000 and less","6000",2022-05-20,142.016817445228,28.3523242015541,39.6643619997922,0.130150183103444,NA
12,"7/12/2022","10:04:45",33.1,1.056,"Univ Ave","Passenger Vehicle","NISSAN","ALTIMA/3.5SV/3.5SL","2013","Gasoline","84651","a. 6,000 and less","6000",2022-01-21,27.3674141779148,-4.63462034829874,0.328807524710384,3.95313947132685,-0.491076173268755
13,"7/12/2022","10:05:42",NA,NA,"Univ Ave","Passenger Vehicle","CHEVROLET","TAHOE","2007","Gasoline","84045","a. 6,000 and less","6000",2021-08-25,133.796743930802,-2.9566691181137,0.867961578234137,1.1717014660151,1.15485554506121
14,"7/12/2022","10:05:44",25.3,0.015,"Univ Ave","Passenger Vehicle","CHEVROLET","CRUZE LS","2013","Gasoline","84003","a. 6,000 and less","6000",2022-02-19,35.0792952129433,-10.228444144654,0.573063445697594,0.682674334188879,0.922522584320832
15,"7/12/2022","10:06:09",39.1,-0.498,"Univ Ave","Passenger Vehicle","BUICK","REGAL","1984","Gasoline","84601","a. 6,000 and less","6000",NA,452.848026471283,247.655062970591,3.09045480636121,1.72370597967384,NA
16,"7/12/2022","10:06:49",39.7,4.008,"Univ Ave","Truck","HONDA","PILOT","2004","Gasoline","84096","a. 6,000 and less","6000",2022-01-20,84.6537309136584,3.20745864976458,1.03597549920281,3.89567908964996,NA
17,"7/12/2022","10:07:42",37.9,0.982,"Univ Ave","Truck","JEEP","CHEROKEE","2017","Gasoline","84653","a. 6,000 and less","6000",2021-03-08,2.86783204932671,21.5497093992264,9.1873048151645,0.338739382969175,NA
18,"7/12/2022","10:08:03",26.7,1.651,"Univ Ave","Passenger Vehicle","TOYOTA","SIENNA","2002","Gasoline","84047","a. 6,000 and less","6000",2019-06-18,-0.132860350485605,-0.459317211678804,0.189325999441987,0.0395259542694674,0.377608096130158
19,"7/12/2022","10:09:01",37.9,0.425,"Univ Ave","Passenger Vehicle","TOYOTA","AVALON","2022","Gasoline","84116","a. 6,000 and less","6000",NA,-1.85543509953084,2.62411535505076,0.421732824918872,0.605903691558528,NA
20,"7/12/2022","10:09:34",36.1,-0.101,"Univ Ave","Truck","HONDA","ODYSSEY","2020","Gasoline","84651","b. 6,001 - 10,000","8000",NA,14.9322761810373,3.1148237292935,0.0693756194251734,0.442068998065034,-0.0629571947708717
21,"7/12/2022","10:10:05",40.2,1.211,"Univ Ave","Truck","HYUNDAI","TUCSON","2017","Gasoline","84075","a. 6,000 and less","6000",2021-07-01,14.0259543335144,51.150507335195,-0.815021670731245,-0.277721116372098,NA
22,"7/12/2022","10:10:08",34.1,0.635,"Univ Ave","Truck","CHEVROLET","EQUINOX","2013","Gasoline","84601","a. 6,000 and less","6000",2021-10-02,37.5934873254352,-2.28813479194047,0.104951637150989,3.63345404347456,-0.145703128693399
23,"7/12/2022","10:11:12",37.6,0.537,"Univ Ave","Passenger Vehicle","VOLKSWAGEN","JETTA GLI W/OPT PKG2","2006","Gasoline","84651","a. 6,000 and less","6000",2022-04-21,19.4544959340103,23.2749883736227,2.83757719266065,0.467741666527706,NA
24,"7/12/2022","10:11:53",36.8,0.263,"Univ Ave","Truck","MAZDA","CX-5","2014","Gasoline","84005","a. 6,000 and less","6000",2022-01-04,-51.2792976615566,-3.8814247743826,0.59400757107955,0.47841820434244,NA
25,"7/12/2022","10:12:20",34.7,0.741,"Univ Ave","Truck","VOLKSWAGEN","TIGUAN","2018","Gasoline","84096","a. 6,000 and less","6000",2022-04-08,-13.4682776295831,19.1918286222382,0.9148528389859,0.0801838858876361,NA
26,"7/12/2022","10:12:32",34,0.22,"Univ Ave","Truck","FORD","F150","2007","Gasoline","84601","b. 6,001 - 10,000","8000",2021-06-14,168.466686948585,28.7242673156881,26.2410904428702,0.612622596954815,NA
27,"7/12/2022","10:12:35",32.8,2.338,"Univ Ave","Passenger Vehicle","NISSAN","ALTIMA","2017","Gasoline","84005","a. 6,000 and less","6000",2021-11-27,20.9334780586137,26.438207474027,-0.101067718140132,0.832401110545009,NA
28,"7/12/2022","10:14:29",30.4,1.168,"Univ Ave","Passenger Vehicle","FORD","TAURUS","2011","Gasoline","84003","a. 6,000 and less","6000",2020-10-31,14.5112990251045,5.84598046439926,4.38589878651618,0.600711242110659,NA
29,"7/12/2022","10:15:42",34.2,0.887,"Univ Ave","Passenger Vehicle","CHRYSLER","PT CRUISER","2010","Gasoline","84663","a. 6,000 and less","6000",2022-02-09,68.6480799579169,0,0.102859397309687,2.55824002404749,0.797230780792064
30,"7/12/2022","10:15:45",36.5,1.433,"Univ Ave","Passenger Vehicle","HONDA","ODYSSEY","2013","Gasoline","84062","a. 6,000 and less","6000",2022-05-06,10.2842677073994,6.34008152071545,0.387072713163109,0.154499461300263,0.0476542075086456
31,"7/12/2022","10:16:12",29.5,0.567,"Univ Ave","Truck","WORK-N-PLAY","RS ROUTE STAR","2004","Gasoline","84003","d. 14,001 - 16,000","16000",2019-03-04,240.108304171243,7.86737847710031,17.143295030342,0.0418729907350306,0.644150735468521
32,"7/12/2022","10:17:30",32.8,1.208,"Univ Ave","Passenger Vehicle","CHEVROLET","SONIC","2016","Gasoline","84119","a. 6,000 and less","6000",2020-06-24,12.6318531058732,20.0546946216955,3.75467415772143,0.438812717429725,-0.969155209941771
33,"7/12/2022","10:17:46",33.2,2.34,"Univ Ave","Passenger Vehicle","HONDA","CIVIC LX","2012","Gasoline","84045","a. 6,000 and less","6000",2021-11-29,-1.46033853302356,0.625859371295813,0.106680574652695,0.0145085581527666,0.732824427480916
34,"7/12/2022","10:18:39",34.4,1.019,"Univ Ave","Truck","GENERAL MOTORS CORP.","YUKON XL","2005","Gasoline","84111","b. 6,001 - 10,000","8000",2021-11-03,19.3180720564088,NA,1.21378600701364,0.263898662913441,NA
35,"7/12/2022","10:18:41",36.6,0.725,"Univ Ave","Truck","LAND ROVER","DISCOVERY SPORT","2017","Gasoline","84003","a. 6,000 and less","6000",NA,-10.2848101265823,9.53134418324292,0.634324141048825,0.232161693791441,NA
36,"7/12/2022","10:18:51",38,1.294,"Univ Ave","Passenger Vehicle","SUBARU","LEGACY","2013","Gasoline","84043","a. 6,000 and less","6000",2021-08-30,8.72992777968837,3.07626026522352,0.130382038268073,1.30259214608835,-0.586719172206329
37,"7/12/2022","10:19:46",32.4,-0.047,"Univ Ave","Truck","CHEVROLET","SILVERADO","2021","Gasoline","84663","b. 6,001 - 10,000","8000",NA,-26.4991121431498,-27.4747790114543,-0.510761605557398,NA,NA
38,"7/12/2022","10:20:06",31.6,0.78,"Univ Ave","Truck","TOYOTA","SIENNA","2015","Gasoline","84045","a. 6,000 and less","6000",2022-05-09,2.78928912974179,-0.584422484326852,0.446855503438226,0.147576164670522,0.0938301683440351
39,"7/12/2022","10:20:58",37.5,1.328,"Univ Ave","Truck","JEEP","GRAND CHEROKEE","2022","Gasoline","84005","b. 6,001 - 10,000","8000",NA,3.46283446319407,-3.72540103238131,0.222610786919618,0.0735852323428739,0.365405142118912
40,"7/12/2022","10:21:53",39,-0.439,"Univ Ave","Truck","FORD","TRANSIT","2019","Gasoline","84003","b. 6,001 - 10,000","8000",2022-02-18,2.64655286489348,3.53503846953629,0.0269381273748086,0.20085445849638,-0.228265184597062
41,"7/12/2022","10:22:01",24.7,-1.048,"Univ Ave","Passenger Vehicle","LEXUS","ES 330","2006","Gasoline","84663","a. 6,000 and less","6000",2022-06-27,12.9096848983033,6.99682338948858,0.611139966577842,0.521468467247791,1.9910272044322
42,"7/12/2022","10:22:31",34.2,0.229,"Univ Ave","Truck","DODGE","RAM 1500 QUAD ST/SLT","2008","Gasoline","84601","b. 6,001 - 10,000","8000",2022-04-28,107.660788173382,-25.7559497506471,1.2869366603348,3.04632398092407,NA
43,"7/12/2022","10:23:09",NA,NA,"Univ Ave","Truck","FORD","F350","2014","Gasoline","84606","c. 10,001 - 14,000","12000",2022-05-13,12.1914841186465,23.8864153886916,0.233453951208124,0.495302202434221,0.00213073050705828
44,"7/12/2022","10:23:43",40.7,0.001,"Univ Ave","Passenger Vehicle","DODGE","CHARGER","2016","Gasoline","84057","a. 6,000 and less","6000",2022-02-09,7.02128489513581,21.9851661425469,-0.00139311208236822,-0.00473658108005193,NA
45,"7/12/2022","10:24:30",37.6,0.636,"Univ Ave","Passenger Vehicle","PONTIAC","VIBE","2009","Gasoline","84606","a. 6,000 and less","6000",2022-02-09,16.5393400015752,10.2723928036994,0.596316340192846,0.650322348361255,NA
46,"7/12/2022","10:24:34",39.1,1.079,"Univ Ave","Passenger Vehicle","TOYOTA","COROLLA/S/LE","2012","Gasoline","84501","a. 6,000 and less","6000",NA,1.59343504760387,-0.083465645350679,0.233324417684853,0.201550564057037,1.28271521332112
47,"7/12/2022","10:25:24",33,1.549,"Univ Ave","Truck","DODGE","JOURNEY","2015","Gasoline","84526","a. 6,000 and less","6000",NA,2.78337397942954,1.70789342139146,-0.039762485420422,0.453055652331975,NA
48,"7/12/2022","10:25:37",39.2,2.781,"Univ Ave","Passenger Vehicle","HONDA","CIVIC EX","2001","Gasoline","84601","a. 6,000 and less","6000",2021-06-18,-13.496005182466,-15.8211740753308,0.303660116605485,-0.00573580220254805,0.394661751550113
49,"7/12/2022","10:25:56",NA,NA,"Univ Ave","Truck","RAM","1500 CLASSIC","2019","Gasoline","84651","b. 6,001 - 10,000","8000",2021-11-02,7.78736659347393,41.2858091201552,-0.915061168214413,0.324762366775848,NA
50,"7/12/2022","10:26:19",35.7,1.988,"Univ Ave","Truck","CHEVROLET","EQUINOX","2012","Gasoline","84044","a. 6,000 and less","6000",2022-03-31,-6.7858257671376,-22.7771088892379,2.10409068965317,1.01515953476379,0.610918199778588
51,"7/12/2022","10:26:41",34.6,1.676,"Univ Ave","Passenger Vehicle","FORD","MUSTANG","2007","Gasoline","84005","a. 6,000 and less","6000",2021-07-28,48.0125934671389,5.97814883529169,0.0463821892393321,6.04753471636589,0.838346357826877
52,"7/12/2022","10:27:06",28.8,0.65,"Univ Ave","Truck","RAM","TRADESMAN","2014","Gasoline","84058","b. 6,001 - 10,000","8000",2022-07-30,3.04639796553597,2.41441230063596,0.017029553844611,0.164855542079082,0.311167792194031
53,"7/12/2022","10:27:40",35.6,1.142,"Univ Ave","Truck","NISSAN","ROGUE/SL/SV","2014","Gasoline","84116","a. 6,000 and less","6000",2021-10-30,-1.84991873571268,5.93861667607357,0.83387918520518,0.239073681508175,0.850962618427833
54,"7/12/2022","10:28:10",35.9,1.305,"Univ Ave","Truck","HONDA","RIDGELINE","2014","Gasoline","84062","b. 6,001 - 10,000","10000",2021-10-02,3.0722786957509,-6.88495747470141,0.226127344997815,0.402258601903286,0.726374463066821
55,"7/12/2022","10:28:33",36.3,-3.984,"Univ Ave","Truck","TOYOTA","RAV4","2010","Gasoline","84642","a. 6,000 and less","6000",NA,19.2176064866003,6.78445442305812,-0.052180878669585,-0.16782498815353,NA
56,"7/12/2022","10:29:04",41,0.97,"Univ Ave","Passenger Vehicle","AUDI","A4","2018","Gasoline","84092","a. 6,000 and less","6000",2021-11-24,4.76871721506915,2.03995125311291,0.0596089651883643,0.108573472307378,NA
57,"7/12/2022","10:30:03",35.8,2.857,"Univ Ave","Passenger Vehicle","NISSAN","350Z","2003","Gasoline","84043","a. 6,000 and less","6000",2022-04-12,136.115464334462,43.2160731437815,60.6805231571421,0.156535492211141,NA
58,"7/12/2022","10:30:35",38.9,1.748,"Univ Ave","Truck","SUBARU","CROSSTREK","2016","Gasoline","84010","a. 6,000 and less","6000",2022-03-01,5.25644900587408,11.1098804345581,2.3583621655819,0.0486690858847448,-1.29749811800353
59,"7/12/2022","10:32:08",34.1,0.697,"Univ Ave","Passenger Vehicle","FORD","TAURUS SES","2002","Gasoline","84117","a. 6,000 and less","6000",2021-09-18,11.6925259797417,10.2811648983989,1.51880845089984,0.1579335571742,0.405766310886061
60,"7/12/2022","10:32:24",NA,NA,"Univ Ave","Truck","CHEVROLET","3500","2016","Gasoline","84070","c. 10,001 - 14,000","12000",2021-01-28,27.4578697377838,17.7909149215025,-0.414098881793592,0.0782186776721229,NA
61,"7/12/2022","10:33:32",NA,NA,"Univ Ave","Truck","TOYOTA","SIENNA","2017","Gasoline","84501","a. 6,000 and less","6000",NA,4.37190323520839,2.04022150976392,0.465579305567647,0.298415516282028,1.36465836699005
62,"7/12/2022","10:33:37",32,-0.429,"Univ Ave","Passenger Vehicle","HONDA","CIVIC","2013","Gasoline","84606","a. 6,000 and less","0",NA,6.44499394959751,9.54911348450571,0.190249456966982,-0.0255544949605033,-0.734691730114469
63,"7/12/2022","10:34:11",35.9,2.043,"Univ Ave","Passenger Vehicle","VOLKSWAGEN","GOLF","2012","Gasoline","84741","a. 6,000 and less","6000",NA,26.3796837062799,8.8682234492327,0.355760126742475,1.97852315018796,NA
64,"7/12/2022","10:34:12",36.5,-0.096,"Univ Ave","Passenger Vehicle","HYUNDAI","ELANTRA","2022","Gasoline","84124","a. 6,000 and less","6000",NA,25.461151851901,-2.37561640046755,0.038362226562574,0.921072323690049,NA
65,"7/12/2022","10:34:41",34.7,0.961,"Univ Ave","Passenger Vehicle","MG","MIDGET","1978","Gasoline","84005","a. 6,000 and less","6000",NA,-9.61230374879846,-4.27976381196503,0.371904609328512,-0.00243168398407104,NA
66,"7/12/2022","10:34:53",34.1,0.259,"Univ Ave","Truck","FORD","F150","2018","Gasoline","84604","b. 6,001 - 10,000","8000",NA,2.40384615384615,-6.50564713064713,0.46073717948718,0.273246718559219,0.0702075702075702
67,"7/12/2022","10:35:31",32.9,0.449,"Univ Ave","Truck","TOYOTA","SIENNA/LE","2007","Gasoline","84059","a. 6,000 and less","6000",2021-11-30,6.36090165781,3.83168599863316,13.6021066700491,0.0522975917550599,3.54648664305308
68,"7/12/2022","10:35:40",33.6,0.53,"Univ Ave","Passenger Vehicle","VOLKSWAGEN","PASSAT","2021","Gasoline","84020","a. 6,000 and less","6000",NA,9.49223067420844,21.4550419348547,-0.30232104544568,0.726313540824951,NA
69,"7/12/2022","10:35:45",35.5,-1.231,"Univ Ave","Truck","CHEVROLET","SILVERADO","2019","Gasoline","84042","b. 6,001 - 10,000","8000",NA,-45.3101780354905,NA,-1.4673254715214,1.35602727352196,NA
70,"7/12/2022","10:36:21",36.4,0.834,"Univ Ave","Passenger Vehicle","TOYOTA","AVALON XL/XLS","2005","Gasoline","84770","a. 6,000 and less","6000",NA,-13.8273593770976,-9.70408300251232,0.822737471952132,-0.152417390637286,NA
71,"7/12/2022","10:36:35",36.6,2.485,"Univ Ave","Passenger Vehicle","HYUNDAI","ELANTRA/GL","1999","Gasoline","84711","a. 6,000 and less","6000",2015-02-20,72.859030203142,17.184191888897,64.9424546336213,-0.0500333555703803,-0.238534373055426
72,"7/12/2022","10:38:31",33.2,1.411,"Univ Ave","Passenger Vehicle","HONDA","CIVIC LX","2008","Gasoline","84604","a. 6,000 and less","6000",2022-03-24,4.50074791840409,2.74583444433728,-0.148921806123665,0.528034175427051,-0.685040308168857
73,"7/12/2022","10:38:51",35.8,0.043,"Univ Ave","Truck","CHEVROLET","SILVERADO","2021","Gasoline","84606","b. 6,001 - 10,000","8000",NA,-9.90138753227986,-6.77040823153191,0.225074977205783,0.165723995955341,NA
74,"7/12/2022","10:39:14",39.4,2.269,"Univ Ave","Truck","JEEP","GRAND CHEROKEE","2021","Gasoline","84655","b. 6,001 - 10,000","8000",NA,8.31836907151157,5.06269899953221,0.131566041437173,0.0320662753323575,0.127982163605909
75,"7/12/2022","10:39:32",38.4,1.034,"Univ Ave","Truck","FORD","F150","2020","Gasoline","84060","b. 6,001 - 10,000","8000",NA,14.3042391347941,-9.41138724382712,1.02841559066577,0.106326904383132,NA
76,"7/12/2022","10:39:48",25.5,0.364,"Univ Ave","Passenger Vehicle","TOYOTA","COROLLA CE/LE/S","2006","Gasoline","84601","a. 6,000 and less","6000",2022-01-18,-2.87303784574399,18.7978761907249,-0.0125928606875142,0.103074896738542,NA
77,"7/12/2022","10:41:15",39.3,2.097,"Univ Ave","Passenger Vehicle","FORD","FUSION","2013","Gasoline","84601","a. 6,000 and less","6000",2022-04-20,16.6459692974344,3.03100075869384,-0.554865643247814,2.35898108549838,NA
78,"7/12/2022","10:41:23",32.5,-0.679,"Univ Ave","Passenger Vehicle","CHEVROLET","TAHOE","2003","Gasoline","84003","a. 6,000 and less","6000",2022-06-09,8.55792219082808,-26.1705529853758,2.15840112397926,0.422268450957866,NA
79,"7/12/2022","10:42:03",34.2,1.278,"Univ Ave","Truck","CHEVROLET","TRAVERSE","2014","Gasoline","84601","b. 6,001 - 10,000","10000",2022-04-25,64.7436572270765,-0.0413577369046366,0.0761358338471719,1.5140221527078,-0.211864406779661
80,"7/12/2022","10:42:13",31.7,1.162,"Univ Ave","Truck","FORD","EXPLORER","2017","Gasoline","84057","b. 6,001 - 10,000","8000",NA,15.6144837797819,-17.3451531642405,0.496125223544795,0.919418110493626,NA
81,"7/12/2022","10:42:59",36.9,0.316,"Univ Ave","Truck","NISSAN","MURANO","2018","Gasoline","84601","a. 6,000 and less","6000",NA,-44.4305551781298,-18.5331123128346,0.429456545791229,0.490842142449523,NA
82,"7/12/2022","10:43:30",26.6,0.965,"Univ Ave","Passenger Vehicle","NISSAN","VERSA NOTE","2016","Gasoline","84604","a. 6,000 and less","6000",2022-07-11,1.32689347699167,0.959154427653976,1.00654348040368,0.927261595153427,-0.776043127829126
83,"7/12/2022","10:43:54",42.5,0.185,"Univ Ave","Truck","TOYOTA","TACOMA","2022","Gasoline","84032","a. 6,000 and less","6000",NA,76.4795435202168,95.5805920742807,0.806580049216795,-0.203057811753464,NA
84,"7/12/2022","10:44:32",34.3,1.099,"Univ Ave","Truck","HONDA","ODYSSEY","2016","Gasoline","84604","b. 6,001 - 10,000","8000",2022-07-15,0.928579008808235,1.16735646821607,0.790239687087825,-0.350349069904944,NA
85,"7/12/2022","10:44:46",32.2,1.057,"Univ Ave","Passenger Vehicle","ACURA","TSX","2009","Gasoline","84601","a. 6,000 and less","6000",2022-04-06,18.1154558385443,-14.1703121225947,0.816633247324855,0.345439697577321,NA
86,"7/12/2022","10:46:06",35.6,4.004,"Univ Ave","Passenger Vehicle","CHEVROLET","1JC69","2002","Gasoline","84043","a. 6,000 and less","6000",2021-11-29,-8.97822445561139,-7.15960756161761,8.04737975592247,0.0715960756161761,1.27906197654941
87,"7/12/2022","10:46:14",34.9,1.404,"Univ Ave","Truck","GENERAL MOTORS CORP.","ACADIA SLE","2011","Gasoline","84045","b. 6,001 - 10,000","8000",2021-12-09,8.58255760216545,4.97976968565204,0.0282941459412048,0.194003527336861,-0.563996642428015
88,"7/12/2022","10:46:29",35.2,-0.483,"Univ Ave","Truck","FORD","F350","2016","Gasoline","84047","c. 10,001 - 14,000","12000",2020-08-22,-8.45990138927443,6.3147121084227,-0.437629943518828,-0.27367214483049,NA
89,"7/12/2022","10:47:18",34.4,1.476,"Univ Ave","Passenger Vehicle","TOYOTA","COROLLA/LE/LE PLUS/PREMIUM/S/S PLUS/PREMIUM","2015","Gasoline","84606","a. 6,000 and less","6000",2022-02-18,-38.6424731182796,NA,1.50309619815668,0.40547595046083,12.2459837429596
90,"7/12/2022","10:47:22",36.9,-0.21,"Univ Ave","Truck","TOYOTA","HIGHLANDER","2021","Gasoline","84638","a. 6,000 and less","6000",NA,2.36708178267559,10.3738298443926,0.171895224694299,-0.0015968408851383,-1.65705117968969
91,"7/12/2022","10:47:27",34.3,0.048,"Univ Ave","Passenger Vehicle","HONDA","ACCORD","2013","Gasoline","84097","a. 6,000 and less","6000",2021-08-26,-0.95473206126652,-29.6629406137174,0.135903186272122,0.218614157702252,NA
92,"7/12/2022","10:47:57",38.1,3.746,"Univ Ave","Passenger Vehicle","GEO","METRO LSI/SPRINT CL","1991","Gasoline","84340","a. 6,000 and less","6000",2016-04-19,4.46903876233915,15.8218994165839,28.5267381838052,0.222653895480825,NA
93,"7/12/2022","10:48:38",39.6,0.063,"Univ Ave","Truck","TOYOTA","TACOMA","2007","Gasoline","84606","a. 6,000 and less","6000",2022-02-09,4.78163850812878,-1.00186711598889,-0.189273190946764,0.0298378037858433,NA
94,"7/12/2022","10:48:40",40.2,2.317,"Univ Ave","Truck","HONDA","CR-V","2022","Gasoline","84663","a. 6,000 and less","6000",NA,-21.1838678774304,-14.3757312675046,-0.195165297778874,0.337515492751416,NA
95,"7/12/2022","10:49:55",35,0.171,"Univ Ave","Truck","NISSAN","FRONTIER SC","2004","Gasoline","84097","a. 6,000 and less","6000",2021-12-01,41.0167916639012,-3.96324986488921,10.4220197403977,2.59507533019181,NA
96,"7/12/2022","10:50:08",NA,NA,"Univ Ave","Truck","TOYOTA","TUNDRA","2010","Gasoline","84663","b. 6,001 - 10,000","8000",2022-07-01,-6.95159285055412,-6.26025312201,-0.0429700107520516,-0.0397711321738433,NA
97,"7/12/2022","10:50:38",31.7,-1.062,"Univ Ave","Truck","JEEP","L/O GCK","1995","Gasoline","84062","a. 6,000 and less","12000",2021-12-23,-15.4756733275413,-22.0576827603326,0.404345600099292,0.538206295767655,NA
98,"7/12/2022","10:51:34",40.2,-1.314,"Univ Ave","Truck","TOYOTA","HIGHLANDER","2015","Gasoline","84340","a. 6,000 and less","6000",NA,14.2581888246628,34.7187815395908,4.75639966969447,0.368107165795027,NA
99,"7/12/2022","10:51:47",34.8,0.393,"Univ Ave","Truck","RAM","1500","2020","Gasoline","84097","b. 6,001 - 10,000","8000",NA,-33.7058474119711,-39.2037684242516,-0.488419041830377,-0.111547015512978,NA
100,"7/12/2022","10:55:05",31.5,0.6,"Univ Ave","Truck","SUBARU","FORESTER","2010","Gasoline","84105","a. 6,000 and less","6000",2021-10-04,1.84368209652993,8.89858807814954,-0.125577326472829,0.00559689207875156,NA
101,"7/14/2022","10:01:03",36.3,0.994,"Univ Ave","Passenger Vehicle","NISSAN","ROGUE S/SL","2008","Gasoline","84601","a. 6,000 and less","6000",2022-01-08,38.6045181584215,17.2801176518649,-0.554278435319328,3.10618749280459,1.2043718363421
102,"7/14/2022","10:02:04",34.9,0.664,"Univ Ave","Passenger Vehicle","VOLKSWAGEN","PASSAT","2013","Gasoline","84663","a. 6,000 and less","6000",2022-03-15,-1.05666358473121,6.01920863445101,-0.451440647583825,1.13393210936468,NA
103,"7/14/2022","10:02:25",32.7,2.054,"Univ Ave","Truck","GENERAL MOTORS CORP.","SAVANA CUTAWAY VAN G3500","2002","Gasoline","84062","b. 6,001 - 10,000","8000",2021-08-23,33.8774655993303,11.4693813485212,0.797419108908671,0.783825145189138,NA
104,"7/14/2022","10:04:13",35.2,0.517,"Univ Ave","Truck","TOYOTA","TACOMA","2017","Gasoline","84759","a. 6,000 and less","6000",NA,21.3694585108725,23.8523860711834,-0.50787154642723,0.15333280295139,NA
105,"7/14/2022","10:04:41",30.6,2.25,"Univ Ave","Truck","BUICK","ENVISION","2016","Gasoline","84526","a. 6,000 and less","6000",NA,-4.93366224414961,-3.14306668063585,3.25736001447716,0.579657691465145,2.4228281885459
106,"7/14/2022","10:04:43",33.1,0.283,"Univ Ave","Passenger Vehicle","NISSAN","QUEST","2000","Gasoline","84601","a. 6,000 and less","6000",2021-09-02,-16.8844221105528,-7.37018425460637,-0.142139267767408,0.483273510409189,NA
107,"7/14/2022","10:05:35",31.6,1.206,"Univ Ave","Passenger Vehicle","HONDA","ACCORD","2009","Gasoline","84790","a. 6,000 and less","6000",NA,22.0220485811698,-2.37656186925877,-0.208944135634593,0.752293647529721,NA
108,"7/14/2022","10:06:56",38.3,2.198,"Univ Ave","Passenger Vehicle","HONDA","CIVIC LX","2008","Gasoline","84601","a. 6,000 and less","6000",2021-09-04,-56.1857733884959,3.1457932165259,-1.08958837772397,-0.0380831633333969,NA
109,"7/14/2022","10:07:36",35.5,-0.262,"Univ Ave","Truck","HONDA","PILOT","2021","Gasoline","84097","a. 6,000 and less","6000",NA,12.6251002774892,8.8037529613563,0.352262842563872,0.0183646361923299,NA
110,"7/14/2022","10:07:38",37.5,0.992,"Univ Ave","Passenger Vehicle","TOYOTA","COROLLA","2021","Gasoline","84003","a. 6,000 and less","6000",NA,-4.26359687691529,-3.01497207724724,-0.049964025901351,-0.0307397721259741,NA
111,"7/14/2022","10:07:45",35.9,0.507,"Univ Ave","Truck","MAZDA","CX-9","2020","Gasoline","84601","a. 6,000 and less","6000",2022-05-14,-16.6389351081531,25.9834799144283,0.339835393391966,0.549307701449964,NA
112,"7/14/2022","10:18:47",35.5,0.879,"Univ Ave","Passenger Vehicle","FORD","FOCUS","2017","Gasoline","84606","a. 6,000 and less","6000",2021-03-06,4.65178096757044,-1.67084377610693,-0.0954089769879243,0.624572795625427,-0.469450140502772
113,"7/14/2022","10:19:06",34.1,1.06,"Univ Ave","Truck","RAM","1500 CLASSIC","2019","Gasoline","84663","b. 6,001 - 10,000","8000",2021-06-17,-20.2418295396659,-7.33072123726029,-0.535728648412635,0.116385732286963,NA
114,"7/14/2022","10:20:59",42.2,1.227,"Univ Ave","Passenger Vehicle","TOYOTA","RAV4","2012","Gasoline","84664","a. 6,000 and less","6000",2021-11-01,9.32549991340607,-4.98248138230553,-0.326868287781121,0.0768402161232184,NA
115,"7/14/2022","10:21:11",29.8,0.293,"Univ Ave","Passenger Vehicle","TOYOTA","AVALON XL/XLS/TOUR/LTD","2006","Gasoline","84655","a. 6,000 and less","6000",2021-09-03,-25.9145343891107,19.9500780614582,-0.266437312442155,0.515719801434087,NA
116,"7/14/2022","10:22:15",33.6,-0.665,"Univ Ave","Passenger Vehicle","FORD","FUSION","2016","Gasoline","84663","a. 6,000 and less","6000",2022-06-29,31.7936021890677,15.766499446218,-0.231750788790335,0.956460634941318,NA
117,"7/14/2022","10:23:09",41,0.276,"Univ Ave","Truck","BMW","X3","2009","Gasoline","84020","a. 6,000 and less","6000",2021-11-09,-1.45666423889294,3.32951826032671,-0.0851297282469897,0.0321601195599739,0.126181174979427
118,"7/14/2022","10:23:23",37.5,0.906,"Univ Ave","Truck","GENERAL MOTORS CORP.","ENVOY","2005","Gasoline","84003","a. 6,000 and less","6000",2019-11-13,6.45101833932357,8.44086597868343,-0.382265153780617,0.325325042928424,NA
119,"7/14/2022","10:24:17",36.7,-0.204,"Univ Ave","Truck","DODGE","GRAND CARAVAN","2018","Gasoline","84601","b. 6,001 - 10,000","10000",2021-01-13,135.887869837815,5.78120257896412,-0.263707223912416,0.461672699547719,0.593757633630166
120,"7/14/2022","10:24:42",NA,NA,"Univ Ave","Passenger Vehicle","HONDA","CR-V","2011","Gasoline","84651","a. 6,000 and less","6000",2021-10-28,6.07260726072607,5.6011315417256,-0.108910891089109,0.37029702970297,0.249410655351249
121,"7/14/2022","10:25:17",38.5,0.013,"Univ Ave","Truck","JEEP","GRAND CHEROKEE","2015","Gasoline","84005","b. 6,001 - 10,000","10000",2022-04-25,4.51886950795967,29.8651163562787,-0.229632348465705,0.00862274079580059,NA
122,"7/14/2022","10:25:34",37.8,-0.312,"Univ Ave","Passenger Vehicle","LINCOLN","MKZ","2015","Gasoline","84043","a. 6,000 and less","6000",2022-03-03,-2.37630036436606,6.8874991513213,0.0410194705753664,0.525803604432743,NA
123,"7/14/2022","10:25:54",35.2,1.491,"Univ Ave","Truck","TOYOTA","SIENNA","2006","Gasoline","84123","a. 6,000 and less","6000",2022-02-24,-2.385622647511,2.87410728485849,1.63017547579918,0.0587412243166895,0.788202149332404
124,"7/14/2022","10:26:22",32.2,0.623,"Univ Ave","Passenger Vehicle","HYUNDAI","SANTA FE","2011","Gasoline","84633","a. 6,000 and less","6000",2022-07-13,9.48544698544699,22.2564597564598,-0.423225423225423,0.0134114196614197,0.106734481734482
125,"7/14/2022","10:26:23",32.2,1.986,"Univ Ave","Truck","JEEP","GRAND CHEROKEE","2008","Gasoline","84601","a. 6,000 and less","6000",2022-06-25,2.79117987160573,-1.08609175956359,1.36568443717852,1.10232617310252,0.690010044450014
126,"7/14/2022","10:26:44",36.6,0.375,"Univ Ave","Truck","SUBARU","ASCENT","2020","Gasoline","84632","a. 6,000 and less","6000",NA,5.14505085684885,6.50952588262123,0.0466446918340693,0.0464562284327195,NA
127,"7/14/2022","10:27:12",NA,NA,"Univ Ave","Truck","FORD","F350 SUPER DUTY","2012","Gasoline","84047","c. 10,001 - 14,000","12000",2022-06-06,13.1089649268306,-10.0476585401276,0.0429958762177388,0.397950720993071,NA
128,"7/14/2022","10:28:49",41.7,1.216,"Univ Ave","Truck","FORD","EXPLORER","2016","Gasoline","84129","b. 6,001 - 10,000","10000",2022-02-27,41.8976408405311,25.5253319582313,-0.795594762334481,0.170629293357152,NA
129,"7/14/2022","10:28:53",36.9,0.897,"Univ Ave","Truck","HONDA","ODYSSEY","2018","Gasoline","84651","b. 6,001 - 10,000","10000",2020-08-12,20.6953642384106,25.3666035950804,-0.372793726348155,0.0989497102649007,NA
130,"7/14/2022","10:28:59",36,0.811,"Univ Ave","Passenger Vehicle","TOYOTA","4RUNNER SR5","2006","Gasoline","84606","a. 6,000 and less","6000",2021-12-27,-4.3179058156794,-16.9632014187405,0.27757965957939,0.213823081519749,NA
131,"7/14/2022","10:29:09",28.8,-0.699,"Univ Ave","Passenger Vehicle","CHEVROLET","ASTRO","2001","Gasoline","84058","a. 6,000 and less","6000",2022-07-29,-11.2569362592539,4.7033182421017,-0.422844580494662,0.252476998957551,NA
132,"7/14/2022","10:29:40",NA,NA,"Univ Ave","Truck","NISSAN","TITAN","2019","Gasoline","84047","b. 6,001 - 10,000","10000",2021-10-18,-41.2340269177905,-20.914458348967,-0.234748173046827,0.488305361201133,NA
133,"7/14/2022","10:30:03",33.6,0.219,"Univ Ave","Truck","TOYOTA","TACOMA","2020","Gasoline","84601","a. 6,000 and less","6000",NA,-1.55281512441931,28.3869393459321,-0.560122598451252,-0.0298547193563951,NA
134,"7/14/2022","10:30:04",35.9,-1.244,"Univ Ave","Passenger Vehicle","KIA","OPTIMA","2010","Gasoline","84058","a. 6,000 and less","6000",2021-12-17,-2.56382576779835,-17.3453415478568,-0.0968663494976444,0.450597197911928,NA
135,"7/14/2022","10:30:44",31.6,-0.277,"Univ Ave","Truck","CHEVROLET","SILVERADO","2019","Gasoline","84003","b. 6,001 - 10,000","8000",NA,3.42492820823563,8.40424691097821,0.0183478296869766,0.160755215488203,NA
136,"7/14/2022","10:31:05",24.6,-0.343,"Univ Ave","Passenger Vehicle","HYUNDAI","ACCENT","2015","Gasoline","84663","a. 6,000 and less","6000",2022-08-16,8.00909419728207,28.7847583615682,-0.312797572912284,0.950572447239631,NA
137,"7/14/2022","10:31:06",27.2,1.134,"Univ Ave","Truck","FORD","EDGE","2016","Gasoline","84601","a. 6,000 and less","6000",2022-04-26,6.36628209125871,22.9074791750189,0.0194886186467103,0.448841448022926,NA
138,"7/14/2022","10:31:11",31.7,-0.903,"Univ Ave","Passenger Vehicle","FORD","EXPLORER","2003","Gasoline","84606","a. 6,000 and less","6000",2022-06-20,7.6281663466344,9.42435526963501,0.0605931932706797,0.122971302312124,-0.471029877611144
139,"7/14/2022","10:31:31",25.9,0.038,"Univ Ave","Passenger Vehicle","NISSAN","PATHFINDER","2013","Gasoline","84097","a. 6,000 and less","6000",2022-07-16,22.839938747437,21.4532281806283,-0.734140888310475,0.307282455145104,NA
140,"7/14/2022","10:31:48",39.6,0.259,"Univ Ave","Truck","CHEVROLET","SILVERADO","2008","Gasoline","84660","b. 6,001 - 10,000","10000",2022-03-08,50.9113260997381,-14.6148148713759,0.869043164863358,2.85901361453235,NA
141,"7/14/2022","10:31:52",36.9,1.223,"Univ Ave","Truck","FORD","EXPLORER","2016","Gasoline","84003","b. 6,001 - 10,000","8000",NA,-6.6595631326585,-2.30230611157622,-0.262577060659107,0.421312504756831,0.459509856153436
142,"7/14/2022","10:32:01",36,1.768,"Univ Ave","Truck","SUBARU","OUTBACK","2016","Gasoline","84020","a. 6,000 and less","6000",2018-08-09,5.53724456163481,7.25115359261701,0.734532441849515,0.0496280252377813,0.550145964780111
143,"7/14/2022","10:33:12",32.4,0.306,"Univ Ave","Truck","TOYOTA","HIGHLANDER","2022","Hybrid","84097","a. 6,000 and less","6000",NA,0.514701151643827,34.3746840562127,0.845120908815176,0.300778485491861,NA
144,"7/14/2022","10:33:13",32.5,-0.071,"Univ Ave","Truck","NISSAN","XTERRA","2007","Gasoline","84663","a. 6,000 and less","6000",2021-11-11,302.467801609602,-0.359626642158777,-0.495848855097708,1.91283231408846,0.179631691462137
145,"7/14/2022","10:34:02",29,0.16,"Univ Ave","Truck","WORK-N-PLAY","RS ROUTE STAR","2004","Gasoline","84003","d. 14,001 - 16,000","16000",2019-03-04,359.694383806311,18.8281405040683,11.7529696935333,0.72443866413404,0
146,"7/14/2022","10:34:08",36.9,2.236,"Univ Ave","Truck","FORD","EXPLORER","2019","Gasoline","84043","b. 6,001 - 10,000","8000",2021-08-16,3.31213566507684,2.08191384661973,0.102203043379514,0.00804375804375804,0.148005148005148
147,"7/14/2022","10:34:24",28.7,1.897,"Univ Ave","Passenger Vehicle","CHEVROLET","AVEO LS/LT","2009","Gasoline","84660","a. 6,000 and less","6000",2021-07-24,13.2273364954239,-8.81822433028258,-0.130269223060993,0.206856073981466,1.22920702785757
148,"7/14/2022","10:35:37",37.2,0.708,"Univ Ave","Truck","NISSAN","PATHFINDER","2018","Gasoline","84025","a. 6,000 and less","6000",2022-07-22,7.11706249835253,7.58023640697547,1.96848911164751,0.16964215108507,0.257664021931096
149,"7/14/2022","10:35:48",33,1.46,"Univ Ave","Passenger Vehicle","HYUNDAI","ELANTRA TOURING","2009","Gasoline","84601","a. 6,000 and less","6000",2021-11-03,3.05822596300876,-1.29547211600744,3.24817788617701,0.97279128652538,-0.930574471601238
150,"7/14/2022","10:36:38",33.1,-0.049,"Univ Ave","Truck","JEEP","CHEROKEE","2014","Gasoline","84118","a. 6,000 and less","6000",2022-05-25,50.9884605063065,33.5760746735406,-0.505229375049063,1.23130833870358,NA
151,"7/14/2022","10:39:08",33.2,0.732,"Univ Ave","Passenger Vehicle","VOLKSWAGEN","BEETLE","2012","Gasoline","84606","a. 6,000 and less","6000",2022-08-15,-5.84938513439983,-25.9083065155543,0.0845343034373397,0.166833791956221,NA
152,"7/14/2022","10:39:16",44.6,5.721,"Univ Ave","Truck","HONDA","ODYSSEY","2011","Gasoline","84093","b. 6,001 - 10,000","10000",2022-05-31,59.5145480006224,16.6262864255707,-0.801584831847785,1.09818511191625,NA
153,"7/14/2022","10:39:24",37.6,0.78,"Univ Ave","Passenger Vehicle","LINCOLN","NAVIGATOR","2005","Gasoline","84087","a. 6,000 and less","6000",2021-10-16,44.3854972357553,6.68596416518309,6.94484829952519,1.71496669211735,NA
154,"7/14/2022","10:39:39",35.8,1.365,"Univ Ave","Passenger Vehicle","NISSAN","SENTRA","2017","Gasoline","84043","a. 6,000 and less","6000",NA,10.3004291845494,4.56539168985521,-0.142904305994435,0.0465028533698062,0.394849785407725
155,"7/14/2022","10:39:41",NA,NA,"Univ Ave","Truck","TOYOTA","TUNDRA/SR5","2000","Gasoline","84003","b. 6,001 - 10,000","10000",2022-08-01,15.7511321126206,10.3132412642159,0.00140635108148398,0.517209049400426,NA
156,"7/14/2022","10:40:41",30.9,0.102,"Univ Ave","Truck","CHEVROLET","EQUINOX","2012","Gasoline","84043","a. 6,000 and less","6000",2022-06-13,9.8777297239575,-7.25765238018962,-0.327509667970985,1.07625302243274,0.877172909849508
157,"7/14/2022","10:40:53",NA,NA,"Univ Ave","Truck","CHEVROLET","COLORADO","2019","Gasoline","84651","a. 6,000 and less","6000",2021-05-19,21.7276886327751,-21.5040496015948,-0.952875785869483,0.290055967595476,NA
158,"7/14/2022","10:41:36",37.1,1.954,"Univ Ave","Passenger Vehicle","SUBARU","BAJA","2004","Gasoline","84601","a. 6,000 and less","6000",2021-08-25,12.901017600674,7.48860817578483,-0.564184443178164,1.15733035443947,1.08784163718803
159,"7/14/2022","10:41:53",33.8,-0.457,"Univ Ave","Truck","GENERAL MOTORS CORP.","SAVANA G3500","2006","Gasoline","84660","b. 6,001 - 10,000","8000",2022-07-26,11.1892162283127,7.9434032518307,0.311699594931567,0.238170459716941,NA
160,"7/14/2022","10:42:02",31.1,1.552,"Univ Ave","Passenger Vehicle","SUBARU","BAJA","2003","Gasoline","84020","a. 6,000 and less","6000",2022-04-12,6.89801549400403,0.958899956034627,4.57230408877973,0.604050120525765,-0.172166128469853
161,"7/14/2022","10:42:10",37.7,0.118,"Univ Ave","Truck","TOYOTA","SIENNA","2017","Gasoline","84501","a. 6,000 and less","6000",NA,3.49664456607986,-14.6244277126373,-0.16570637023318,0.240058098094329,NA
162,"7/14/2022","10:42:14",NA,NA,"Univ Ave","Truck","JEEP","LIBERTY","2012","Gasoline","84634","a. 6,000 and less","6000",2019-05-04,-13.9865782643194,-11.6657284644159,0.783863177450869,0.195149270219539,NA
163,"7/14/2022","10:43:33",30.7,1.454,"Univ Ave","Passenger Vehicle","TOYOTA","4CAMRY","2001","Gasoline","84601","a. 6,000 and less","6000",2022-02-16,43.5115107723952,1.82333949903371,3.81290803813944,0.99506681183061,NA
164,"7/14/2022","10:43:34",31.9,-0.274,"Univ Ave","Passenger Vehicle","CHEVROLET","HHR","2006","Gasoline","84606","a. 6,000 and less","6000",2021-10-21,21.4240543086871,27.4198395592766,-1.30950383586446,0.567313383027798,NA
165,"7/14/2022","10:44:13",33.9,1.568,"Univ Ave","Passenger Vehicle","TOYOTA","COROLLA/LE/LE PLUS/PREMIUM/S/S PLUS/PREMIUM","2015","Gasoline","84058","a. 6,000 and less","6000",2022-07-22,-5.50764353456382,-11.6524082027427,1.16581653214199,0.137835016331027,NA
166,"7/14/2022","10:44:15",32.5,0.166,"Univ Ave","Passenger Vehicle","MAZDA","MAZDA5","2010","Gasoline","84604","a. 6,000 and less","6000",2022-04-06,-7.52314037373887,-11.6531909054445,-0.310905290955535,0.0668830209246937,NA
167,"7/14/2022","10:44:56",40.1,0.954,"Univ Ave","Truck","BUICK","RENDEZVOUS","2007","Gasoline","84627","a. 6,000 and less","6000",NA,65.1021362856697,15.6007514498081,11.1283442115346,0.847330199817335,NA
168,"7/14/2022","10:46:31",39.7,1.04,"Univ Ave","Passenger Vehicle","LEXUS","IS","2008","Gasoline","84651","a. 6,000 and less","6000",2022-08-05,-13.8605680167393,-1.84299860442358,-0.281304797317752,1.42737195633921,NA
169,"7/14/2022","10:46:44",35.8,0.248,"Univ Ave","Truck","FORD","EDGE","2019","Gasoline","84601","a. 6,000 and less","6000",2021-08-30,1.67928281706151,29.7583678109165,-0.434583630129655,0.480763907598847,NA
170,"7/14/2022","10:47:15",36.3,1.249,"Univ Ave","Truck","FORD","TRANSIT CONNECT","2016","Gasoline","84104","a. 6,000 and less","6000",2020-09-14,6.48748841519926,2.2885892076942,-0.131924873749314,0.0643074653401676,0.332791133135367
171,"7/14/2022","10:47:32",NA,NA,"Univ Ave","Passenger Vehicle","NISSAN","XTERRA","2006","Gasoline","84606","a. 6,000 and less","6000",2022-02-09,36.2713558822399,32.668022799138,-1.00931776527434,0.0427987351714971,NA
172,"7/14/2022","10:48:20",32.3,1.698,"Univ Ave","Passenger Vehicle","HYUNDAI","ELANTRA GT","2016","Gasoline","84043","a. 6,000 and less","6000",2020-03-20,4.40223046343481,-5.49230657819009,0.97763819382773,0.354751169163805,0.107387743123182
173,"7/14/2022","10:48:45",34.2,0.303,"Univ Ave","Passenger Vehicle","VOLKSWAGEN","JETTA","2021","Gasoline","84601","a. 6,000 and less","6000",NA,19.9133184959588,18.8572246672282,-0.241246785700341,0.111419758251198,NA
174,"7/14/2022","10:48:46",33.5,0.312,"Univ Ave","Truck","CHEVROLET","SILVERADO","2015","Gasoline","84005","b. 6,001 - 10,000","10000",2022-04-07,53.5864161663116,22.1170784796584,-0.193685841564982,0.916456840338305,NA
175,"7/14/2022","10:49:04",41.2,1.672,"Univ Ave","Passenger Vehicle","CADILLAC","XTS","2015","Gasoline","84653","a. 6,000 and less","6000",2022-06-17,-12.2928067253549,6.97914188278214,-0.386628598620033,0.517629131119495,1.03148167031108
176,"7/14/2022","10:49:32",NA,NA,"Univ Ave","Truck","FORD","F150","2010","Gasoline","84601","b. 6,001 - 10,000","8000",2021-11-19,85.4142722808484,4.96664029732674,0.33303730017762,1.50580436437452,NA
177,"7/14/2022","10:50:07",49.8,0.954,"Univ Ave","Passenger Vehicle","NISSAN","ROGUE","2012","Gasoline","84601","a. 6,000 and less","6000",2021-01-29,43.8254900666623,-0.414871248479591,-0.792026928915583,2.42921259322817,-0.386018838926238
178,"7/14/2022","10:50:24",36.2,1.086,"Univ Ave","Truck","TOYOTA","SIENNA","2012","Gasoline","84663","a. 6,000 and less","6000",2022-05-23,4.10764684837483,1.79070687491364,-0.0866013102825569,0.0506830619194636,0.274284805681803
179,"7/14/2022","10:50:49",38.9,2.617,"Univ Ave","Passenger Vehicle","NISSAN","MAXIMA","2012","Gasoline","84626","a. 6,000 and less","6000",2022-07-22,45.8367200095937,-10.762492314545,0.52537104329933,1.98931935897119,1.43163609299067
180,"7/14/2022","10:51:39",38.9,2.658,"Univ Ave","Truck","SUBARU","XV CROSSTREK","2014","Gasoline","84003","a. 6,000 and less","6000",2022-02-26,-5.34138101406119,-5.28796720392057,-0.0729670799242287,0.0324298132996572,-0.225959493255553
181,"7/14/2022","10:51:43",36.9,2.048,"Univ Ave","Truck","FORD","ESCAPE","2017","Gasoline","84043","a. 6,000 and less","6000",2021-08-21,7.7066170608557,-1.87919972666186,-0.464105387039216,0.360607038457158,-0.117877073763335
182,"7/14/2022","10:51:45",NA,NA,"Univ Ave","Passenger Vehicle","HONDA","PILOT","2007","Gasoline","84005","a. 6,000 and less","6000",2021-12-11,10.1509630400833,20.4506581393619,-0.430858183981557,0.157237673830594,NA
183,"7/14/2022","10:51:50",30.5,0.163,"Univ Ave","Passenger Vehicle","FORD","WINDSTAR","2003","Gasoline","84601","a. 6,000 and less","6000",2021-10-21,14.9207255364974,22.9575287571499,-0.485155268220894,0.363148217483013,NA
184,"7/14/2022","10:52:31",NA,NA,"Univ Ave","Truck","FORD","EXPEDITION","2018","Gasoline","84029","b. 6,001 - 10,000","8000",NA,0.132557430506767,1.99972352307351,-0.00994180728800753,0.0539224690525742,0.25914977664073
185,"7/14/2022","10:52:42",37.7,2.061,"Univ Ave","Passenger Vehicle","TOYOTA","COROLLA","2022","Gasoline","84047","a. 6,000 and less","6000",NA,-0.400742709822204,-6.42333314886447,-0.170315651674437,0.0259528612075332,NA
186,"7/14/2022","10:53:59",43.1,1.879,"Univ Ave","Passenger Vehicle","TOYOTA","COROLLA","2021","Gasoline","84116","a. 6,000 and less","6000",NA,0.267286771977655,-7.05637078021009,0.0902092855424585,0.231250787541382,-0.395202584281247
187,"7/14/2022","10:54:13",34.9,1.161,"Univ Ave","Passenger Vehicle","DODGE","DART","2015","Gasoline","84606","a. 6,000 and less","6000",2021-02-26,28.6487971429693,11.9640964976705,-0.249485611127619,1.2120141805005,-0.369649841805566
188,"7/14/2022","10:54:19",26.7,1.323,"Univ Ave","Passenger Vehicle","AUDI","A4","2016","Gasoline","84058","a. 6,000 and less","6000",2022-07-11,88.7106256777413,3.57231511776135,-2.58824868837803,7.90132086071517,0.055805758631695
189,"7/14/2022","10:54:20",24.8,0.835,"Univ Ave","Passenger Vehicle","TOYOTA","COROLLA","2013","Gasoline","84606","a. 6,000 and less","6000",2021-09-21,7.55266993507354,1.24931382384675,-0.149065853981715,0.279959870525658,0.0957807264949176
190,"7/14/2022","10:55:15",NA,NA,"Univ Ave","Truck","NISSAN","TITAN","2017","Gasoline","84601","b. 6,001 - 10,000","8000",2021-11-02,0,-13.9038296041308,-0.45814636095402,0.87355160437669,NA
191,"7/14/2022","10:55:16",35.7,-0.371,"Univ Ave","Truck","FORD","BRONCO","2021","Gasoline","84042","b. 6,001 - 10,000","8000",NA,7.52892692978285,4.81549411649269,0.253322917374273,0.0272664145702662,0.164919351795243
192,"7/14/2022","10:55:18",39.2,0.098,"Univ Ave","Truck","RAM","1500 CLASSIC","2019","Gasoline","84115","b. 6,001 - 10,000","8000",2021-10-15,34.1169571938803,-8.92143199835508,1.7420209727902,0.689383381691074,NA
193,"7/14/2022","10:55:43",30.5,0.394,"Univ Ave","Passenger Vehicle","SUBARU","IMPREZA","2020","Gasoline","84601","a. 6,000 and less","6000",2022-05-04,8.54352597889092,9.99686424431104,0.149276992378424,0.0502753644142427,0.634849699662202
194,"7/14/2022","10:55:56",NA,NA,"Univ Ave","Truck","FORD","F150","2015","Gasoline","84057","b. 6,001 - 10,000","8000",2021-12-09,11.6720163408229,-0.500229271749552,-0.277115647702167,0.546794174602754,NA
195,"7/14/2022","10:56:17",36.8,-1.385,"Univ Ave","Truck","RAM","2500","2019","Gasoline","84660","b. 6,001 - 10,000","10000",2021-06-17,9.38905051573658,3.11708920542562,-0.357048399894208,0.373342275286205,0.98849510711452
196,"7/14/2022","10:56:38",NA,NA,"Univ Ave","Truck","CHEVROLET","P30","1992","Gasoline","84601","c. 10,001 - 14,000","12000",2022-06-28,228.062945888171,3.35922351530047,30.0839989845064,2.35260624970105,0.795470015342784
197,"7/14/2022","10:57:07",NA,NA,"Univ Ave","Truck","CHEVROLET","EX3 EXP","2001","Gasoline","84601","b. 6,001 - 10,000","8000",2022-03-09,73.462128339627,23.3716355173741,12.5451773677728,1.43900157787078,NA
198,"7/14/2022","10:57:09",NA,NA,"Univ Ave","Truck","CHEVROLET","SILVERADO K1500","2011","Gasoline","84062","b. 6,001 - 10,000","8000",2022-04-21,16.5911139561315,15.3556451778459,0.106377221091057,0.460034824542905,-0.903553185811145
199,"7/14/2022","10:57:24",35.3,-1.039,"Univ Ave","Truck","TOYOTA","SIENNA","2011","Gasoline","84501","a. 6,000 and less","6000",NA,7.25833058396569,5.59928359334496,-0.769194513833247,0.162652589904322,-1.1252297685818
200,"7/14/2022","10:58:42",40.6,1.013,"Univ Ave","Truck","FORD","EXPLORER","2014","Gasoline","84663","b. 6,001 - 10,000","10000",2021-10-30,-0.398771782908641,-0.751969647770581,1.23049578726095,0.0903882707926254,0.157230017261121
201,"7/26/2022","10:00:23",56.5,-1.435,"Timp Hwy East","Truck","HONDA","PILOT","2016","Gasoline","84004","a. 6,000 and less","6000",2021-01-06,6.27787441635386,15.7432648310112,0.0630590064142687,0.154844893528371,NA
202,"7/26/2022","10:00:32",49,0.223,"Timp Hwy East","Truck","TOYOTA","TUNDRA CREWMAX LIMITED","2010","Gasoline","84095","b. 6,001 - 10,000","8000",2022-06-20,5.67042937018673,6.79697978991153,-0.2105217548566,0.0472378792217383,NA
203,"7/26/2022","10:00:34",42.7,-3.988,"Timp Hwy East","Truck","PORSCHE","MACAN","2018","Gasoline","84020","a. 6,000 and less","6000",2022-02-24,6.56056053429205,12.0002024401536,-0.697293862501898,NA,NA
204,"7/26/2022","10:00:47",62.9,-3.831,"Timp Hwy East","Truck","JEEP","CHEROKEE","2016","Gasoline","84003","a. 6,000 and less","6000",NA,-3.46346734642986,NA,0.596705945684916,0.232992396204831,NA
205,"7/26/2022","10:01:18",49.3,-2.255,"Timp Hwy East","Truck","HONDA","CR-V","2016","Gasoline","84003","a. 6,000 and less","6000",2022-03-16,-5.72386986848411,-1.54791696775617,0.735926125947956,-0.0824351358135502,NA
206,"7/26/2022","10:01:53",50.9,-3.795,"Timp Hwy East","Passenger Vehicle","FORD","C-MAX","2016","Hybrid","84121","a. 6,000 and less","6000",2022-06-02,11.3659156247911,-9.45567770465811,-0.0845280279658832,0.138014689729606,0.731525611514914
207,"7/26/2022","10:02:04",55.8,1.592,"Timp Hwy East","Truck","NISSAN","PATHFINDER/SV/SL/PLATINUM","2015","Gasoline","84043","a. 6,000 and less","6000",2022-06-03,6.3630097035898,0.916576397779007,-0.10226265595055,0.00321937990955436,0.198181239726391
208,"7/26/2022","10:02:14",52.5,0.277,"Timp Hwy East","Truck","RAM","1500","2020","Gasoline","84043","b. 6,001 - 10,000","8000",2022-05-04,-11.1176509057616,18.2927398936816,-0.654446593234115,0.13897063632202,NA
209,"7/26/2022","10:02:32",55.5,-0.116,"Timp Hwy East","Truck","HONDA","CR-V","2016","Gasoline","84088","a. 6,000 and less","6000",2020-09-30,-0.91943152862059,12.0952155785476,-0.379969152134019,-0.118024986020888,NA
210,"7/26/2022","10:02:47",53,0.128,"Timp Hwy East","Truck","CHEVROLET","EXPRESS G2500","2001","Gasoline","84119","b. 6,001 - 10,000","8000",2022-06-06,24.8581893189121,1.57913725460566,3.76131227061426,-0.0770679425692714,0.13902452385045
211,"7/26/2022","10:02:50",52.2,-2.085,"Timp Hwy East","Truck","VOLKSWAGEN","TIGUAN","2018","Gasoline","84009","a. 6,000 and less","6000",2020-12-11,12.3281678751806,0.166648045010122,0.580900997805169,-0.410465497226636,NA
212,"7/26/2022","10:02:59",NA,NA,"Timp Hwy East","Truck","CHEVROLET","SILVERADO","2013","Gasoline","84065","c. 10,001 - 14,000","12000",2022-06-13,-5.4820983384021,19.73182469965,0.194390731897421,-0.0966825846415472,NA
213,"7/26/2022","10:03:01",NA,NA,"Timp Hwy East","Truck","CHEVROLET","SILVERADO","2015","Gasoline","84065","c. 10,001 - 14,000","12000",2022-06-08,25.6732947394916,53.9894286433426,1.20950343389306,-0.0320916184243645,NA
214,"7/26/2022","10:03:06",52.8,-11.392,"Timp Hwy East","Passenger Vehicle","TOYOTA","COROLLA/LE/LE PLUS/PREMIUM/S/S PLUS/PREMIUM","2015","Gasoline","84070","a. 6,000 and less","6000",2022-01-21,2.78481348380167,1.16696945987879,-0.160553022280402,-0.0362309917535421,NA
215,"7/26/2022","10:04:04",53,-0.295,"Timp Hwy East","Truck","FORD","ESCAPE","2020","Gasoline","84116","a. 6,000 and less","6000",NA,-23.0454648390148,0.125598734878198,-0.245488436352841,-0.0687462772344681,NA
216,"7/26/2022","10:04:09",55.6,-6.032,"Timp Hwy East","Truck","AUDI","SQ5","2021","Gasoline","84062","a. 6,000 and less","6000",NA,31.9063377589094,2.85913935761655,-0.330552672767922,-0.429859736424268,NA
217,"7/26/2022","10:04:30",54.5,-1.202,"Timp Hwy East","Passenger Vehicle","FORD","EXPEDITION","1997","Gasoline","84120","a. 6,000 and less","6000",2022-04-04,37.4978237870124,-15.0680030686995,0.740390704366009,0.018701083036635,NA
218,"7/26/2022","10:05:52",50.5,-8.074,"Timp Hwy East","Passenger Vehicle","TOYOTA","AVALON","2018","Gasoline","84405","a. 6,000 and less","6000",2022-01-14,3.74792525566204,-9.21301218458149,0.50769089560116,0.0430724573386671,NA
219,"7/26/2022","10:06:24",54.2,-6.389,"Timp Hwy East","Truck","FORD","Transit Connect","2015","Gasoline","84104","a. 6,000 and less","6000",2022-06-09,-0.537995965030262,-13.9494668075704,0.325679700259391,-0.11514074358728,NA
220,"7/26/2022","10:06:25",47.9,-7.663,"Timp Hwy East","Passenger Vehicle","KIA","RIO EX","2012","Gasoline","84115","a. 6,000 and less","6000",2022-02-15,72.7802037845706,2.63769696084107,1.00318659270624,1.42834662485318,0.107718448329802
221,"7/26/2022","10:07:13",51,1.753,"Timp Hwy East","Passenger Vehicle","CHEVROLET","TRAILBLAZER","2005","Gasoline","84084","a. 6,000 and less","6000",2021-09-02,19.1735537190083,1.66233766233766,-0.212514757969303,0.122030696576151,0.658229043683589
222,"7/26/2022","10:07:18",NA,NA,"Timp Hwy East","Passenger Vehicle","SATURN","ION LEVEL 3","2004","Gasoline","84062","a. 6,000 and less","6000",2022-05-24,3.30421220972496,4.86002413018974,0.930371752195413,0.109935860520706,0.080339559727884
223,"7/26/2022","10:07:19",NA,NA,"Timp Hwy East","Passenger Vehicle","HYUNDAI","VELOSTER","2020","Gasoline","84084","a. 6,000 and less","6000",2022-07-07,38.980109464691,-11.7474302496329,0.52634590079524,0.605440814691916,NA
224,"7/26/2022","10:07:57",NA,NA,"Timp Hwy East","Passenger Vehicle","AUDI","S5","2018","Gasoline","84004","a. 6,000 and less","6000",2021-02-18,1.05864916366716,3.7846707601101,0.246703064033151,0.0080343909742597,-0.241315295968059
225,"7/26/2022","10:09:40",59.5,-2.211,"Timp Hwy East","Truck","FORD","EXPLORER","2018","Gasoline","84020","b. 6,001 - 10,000","10000",2021-01-13,2.62618835022848,12.0504528299055,0.627471430822447,-0.0334839014654131,0.767972507559671
226,"7/26/2022","10:09:43",56.9,-0.749,"Timp Hwy East","Passenger Vehicle","CHEVROLET","K15/BLAZER/SUBURBAN","2003","Gasoline","84003","a. 6,000 and less","6000",2022-04-19,54.3986512295676,0.91072110671431,2.20718152515679,1.07400173488608,1.319981108182
227,"7/26/2022","10:09:55",57.8,4.316,"Timp Hwy East","Truck","FORD","F150","2016","Gasoline","84062","b. 6,001 - 10,000","8000",2022-02-25,2.1083146659639,8.28266475914387,0.408015360578281,0.168006324943998,-0.454605349848465
228,"7/26/2022","10:09:57",58.6,-1.61,"Timp Hwy East","Passenger Vehicle","CHEVROLET","K15/BLAZER/SUBURBAN","2008","Gasoline","84092","a. 6,000 and less","6000",2022-03-11,-6.93472027738881,-3.56261728536183,-0.0500100020004001,0.0647748597338515,0.552110422084417
229,"7/26/2022","10:11:36",53.7,-3.001,"Timp Hwy East","Truck","LEXUS","RX","2018","Hybrid","84020","a. 6,000 and less","6000",2022-05-20,0.132973418613619,-1.42091595889982,0.136772659145437,0.0968806335613511,-0.0218456330579517
230,"7/26/2022","10:11:38",48.7,0.536,"Timp Hwy East","Truck","MAZDA","B2300 REGULAR CAB","2002","Gasoline","84341","a. 6,000 and less","6000",2021-11-18,-2.6698705112802,-5.2443885043004,0.673665541506951,0.402006216984191,0.596525354234606
231,"7/26/2022","10:12:04",NA,NA,"Timp Hwy East","Passenger Vehicle","TOYOTA","PRIUS","2020","Hybrid","84096","a. 6,000 and less","6000",NA,0.928566690986271,1.04226873478051,-0.102331839414813,-0.0281886316906546,-0.0937094344270838
232,"7/26/2022","10:12:11",42.6,-5.032,"Timp Hwy East","Passenger Vehicle","TOYOTA","PRIUS","2009","Hybrid","84043","a. 6,000 and less","6000",2022-01-08,-15.6299253966586,14.5303892282982,0.0506612227742836,0.0980857563157658,0.349562437142557
233,"7/26/2022","10:12:13",35.5,-5.377,"Timp Hwy East","Passenger Vehicle","FORD","FUSION","2014","Gasoline","84116","a. 6,000 and less","6000",2021-11-26,-24.5231246437519,6.37411872979683,2.9030077280982,1.51224357238488,NA
234,"7/26/2022","10:13:21",40.3,-0.114,"Timp Hwy East","Truck","CHEVROLET","SILVERADO","2014","Gasoline","84003","b. 6,001 - 10,000","10000",2022-02-21,7.3263976768659,-4.31210834695536,1.02188975389013,-0.0323503274043429,0.472695372190517
235,"7/26/2022","10:13:42",51.6,-8.132,"Timp Hwy East","Passenger Vehicle","FORD","FUSION","2014","Gasoline","84003","a. 6,000 and less","6000",2021-01-27,1.99920031987205,-4.18880067020811,0.366996058719369,0.335008853601417,-0.742274518763923
236,"7/26/2022","10:14:27",58.7,-0.576,"Timp Hwy East","Truck","LINCOLN","NAVIGATOR","2021","Gasoline","84043","b. 6,001 - 10,000","8000",NA,0.133086679354263,-2.3841527987178,0.173963302298787,-0.0169685516176686,0.126812593041848
237,"7/26/2022","10:14:57",48.4,0.304,"Timp Hwy East","Passenger Vehicle","TOYOTA","CAMRY SOLARA","1999","Gasoline","84096","a. 6,000 and less","6000",2022-03-28,7.48663101604278,-8.61344537815126,-0.292207792207792,-0.0487012987012987,0.900496562261268
238,"7/26/2022","10:15:20",57.7,-3.807,"Timp Hwy East","Passenger Vehicle","TOYOTA","COROLLA","2014","Gasoline","84624","a. 6,000 and less","6000",2021-08-14,-23.6667294193583,-9.63573983502445,2.99676119271095,0.568232026156346,NA
239,"7/26/2022","10:15:23",58.8,-2.484,"Timp Hwy East","Passenger Vehicle","HONDA","PILOT","2004","Gasoline","84020","a. 6,000 and less","6000",2022-03-15,6.23733042257914,22.7476925590133,0.171248134369918,-0.100196401654378,NA
240,"7/26/2022","10:16:25",47.7,-0.285,"Timp Hwy East","Truck","CHEVROLET","SILVERADO","2021","Gasoline","84003","b. 6,001 - 10,000","8000",NA,-1.0420465794821,21.041897715685,-1.38862010703307,-0.261767683158294,1.42946461135384
241,"7/26/2022","10:16:27",51.3,-1.772,"Timp Hwy East","Truck","KIA","TELLURIDE","2020","Gasoline","84043","a. 6,000 and less","6000",2022-01-07,7.19108305700931,-4.14343357094346,0.236849164179275,-0.092171421722778,0.494434520242518
242,"7/26/2022","10:17:01",42,-1.439,"Timp Hwy East","Truck","JEEP","GRAND CHEROKEE","2018","Gasoline","84066","b. 6,001 - 10,000","8000",2020-03-30,16.7408490001993,-3.13179147962912,0.078294786990728,0.320249404485105,-0.207362557060292
243,"7/26/2022","10:17:20",51.5,-3.267,"Timp Hwy East","Passenger Vehicle","NISSAN","SENTRA/SV/SR/SL","2016","Gasoline","84081","a. 6,000 and less","6000",2022-04-08,62.1263626772946,11.5842687639663,0.0655871304095428,0.780486851873559,0.228950252394163
244,"7/26/2022","10:17:27",53.7,-5.895,"Timp Hwy East","Truck","TOYOTA","VENZA","2011","Gasoline","84088","a. 6,000 and less","6000",2021-08-10,13.1139723414402,0.791001506309088,0.0170311329109612,-0.0337784136067398,-0.618040889857771
245,"7/26/2022","10:17:32",45.7,-1.414,"Timp Hwy East","Truck","LEXUS","GX 470","2005","Gasoline","84405","a. 6,000 and less","6000",2021-07-20,8.48716316571186,0.250068200418296,0.22023051741384,-0.0354263283925919,1.11327710587736
246,"7/26/2022","10:17:37",44.7,-3.421,"Timp Hwy East","Truck","KIA","SPORTAGE","2021","Gasoline","84062","a. 6,000 and less","6000",NA,2.89748182488673,8.73383807215859,0.540455619609555,-0.0487774131884341,0.361338561343829
247,"7/26/2022","10:18:47",46.7,-1.992,"Timp Hwy East","Passenger Vehicle","TOYOTA","SIENNA","2013","Gasoline","84003","a. 6,000 and less","6000",2022-07-08,2.78677212166251,0.50048152389041,0.479154186224625,0.0362564740318337,-0.00218012785028019
248,"7/26/2022","10:18:56",48.5,-2.645,"Timp Hwy East","Passenger Vehicle","CHEVROLET","TAHOE","2004","Gasoline","84070","a. 6,000 and less","6000",2022-07-21,-7.39752447127515,7.34845925794526,1.85834495486944,0.0577459818420968,0
249,"7/26/2022","10:18:58",50.2,-8.892,"Timp Hwy East","Passenger Vehicle","KIA","FORTE","2020","Gasoline","84043","a. 6,000 and less","6000",NA,-6.01768920734438,NA,0.152941270552108,0.560784658691063,NA
250,"7/26/2022","10:19:21",49.6,-4.095,"Timp Hwy East","Truck","BUICK","ENCORE","2019","Gasoline","84037","a. 6,000 and less","6000",2021-10-26,5.5568051016763,3.36810431673033,0.647821411088283,0.269098682432369,-0.265176787675233
251,"7/26/2022","10:20:56",50.4,-1.22,"Timp Hwy East","Truck","FORD","F150","2006","Gasoline","84115","b. 6,001 - 10,000","8000",2022-08-15,7.17980082700669,-2.2147216307645,1.20945454407315,0.30594878788627,-0.294884676823489
252,"7/26/2022","10:21:06",NA,NA,"Timp Hwy East","Passenger Vehicle","VOLVO","S40 T5 AWD","2006","Gasoline","84043","a. 6,000 and less","6000",2022-05-18,4.9466284821661,21.0696619183992,0.0599732212593447,-0.131987577639752,0.765611633875107
253,"7/26/2022","10:22:12",49.9,-0.137,"Timp Hwy East","Truck","TOYOTA","HIGHLANDER","2018","Gasoline","84062","a. 6,000 and less","6000",NA,1.06151478159333,0.750642595555286,0.0440718190572232,0.0145010501414089,-0.0261587571178357
254,"7/26/2022","10:22:15",NA,NA,"Timp Hwy East","Passenger Vehicle","SUBARU","IMPREZA PREMIUM AWD","2012","Gasoline","84092","a. 6,000 and less","6000",2022-03-29,-8.77624562849886,0.0417916458499946,0.510048041396525,0.161467722602252,-0.567986459506745
255,"7/26/2022","10:22:18",54.8,-4.881,"Timp Hwy East","Passenger Vehicle","DODGE","GRAND CARA","2005","Gasoline","84604","a. 6,000 and less","6000",2021-12-21,-2.63716557444059,8.2053523159023,-0.124323519937914,-0.0480340872487393,-0.636875486227403
256,"7/26/2022","10:22:53",50.3,-6.044,"Timp Hwy East","Truck","SUBARU","OUTBACK","2018","Gasoline","84003","a. 6,000 and less","6000",NA,-0.655866727880895,13.6045498411866,0.119461439721163,0.147335775656101,1.01284561834178
257,"7/26/2022","10:22:55",NA,NA,"Timp Hwy East","Passenger Vehicle","HONDA","CIVIC","2019","Gasoline","84414","a. 6,000 and less","6000",2021-06-23,-12.3928806855636,9.9444392127319,0.180807985686034,-0.151285431773237,0.849044166117337
258,"7/26/2022","10:23:00",41.4,-3.546,"Timp Hwy East","Truck","SUBARU","OUTBACK","2018","Gasoline","84041","a. 6,000 and less","6000",2022-06-07,4.00742709822204,-7.05307169287079,0.37354945451284,0.133819440601343,-0.381850553502014
259,"7/26/2022","10:23:01",38.9,-1.403,"Timp Hwy East","Truck","ACURA","MDX","2004","Gasoline","84121","a. 6,000 and less","0",2018-01-05,8.47985372252329,1.49911699737465,1.64817692609088,0.0989474003002019,0.272093520672483
260,"7/26/2022","10:23:07",37.3,-3.249,"Timp Hwy East","Truck","SUBARU","FORESTER","2015","Gasoline","84065","a. 6,000 and less","6000",2021-10-30,7.17007687915765,-0.584228486449883,1.91202050110871,0.273288049302814,-1.12776963187915
261,"7/26/2022","10:23:08",37.1,-1.952,"Timp Hwy East","Truck","GENERAL MOTORS CORP.","YUKON XL","2015","Gasoline","84003","b. 6,001 - 10,000","10000",2022-07-21,-4.25786707471226,-1.25455012022772,1.12196698252184,0.0557419428419362,0.371612952279575
262,"7/26/2022","10:23:39",51.4,0.919,"Timp Hwy East","Passenger Vehicle","TOYOTA","SIENNA","2006","Gasoline","84043","a. 6,000 and less","6000",2022-01-19,-3.83775557467081,4.57505836980461,0.452306907014774,0.211312871605335,0.282632738134624
263,"7/26/2022","10:23:58",61.2,-0.862,"Timp Hwy East","Truck","CHEVROLET","EXPRESS G3500","2009","Gasoline","84115","b. 6,001 - 10,000","10000",2021-12-06,69.0722877218054,-5.36472776558522,7.79473394693116,1.31433939936977,0.284776687063218
264,"7/26/2022","10:24:13",50.4,-0.59,"Timp Hwy East","Truck","DODGE","DURANGO","2014","Gasoline","84043","b. 6,001 - 10,000","10000",2021-08-19,5.95561084715256,2.82844248486991,-0.00425400774796611,0.0650863185438815,0.0782737425625765
265,"7/26/2022","10:24:26",54.1,1.884,"Timp Hwy East","Truck","TOYOTA","TACOMA","2015","Gasoline","84003","a. 6,000 and less","6000",2017-12-14,5.49457737542354,15.541804576198,-0.173808059834826,-0.0945198131843692,-0.627577919274566
266,"7/26/2022","10:24:38",45.7,-10.778,"Timp Hwy East","Passenger Vehicle","HONDA","ACCORD","2016","Gasoline","84003","a. 6,000 and less","6000",2022-07-07,0.899084218503153,36.2899748439905,0.934405384230063,0.173899401650278,-0.392477784362907
267,"7/26/2022","10:24:56",52.2,-0.197,"Timp Hwy East","Truck","NISSAN","NV","2018","Gasoline","84043","b. 6,001 - 10,000","10000",2020-10-06,0.80104670102267,-5.91630206326743,0.377636301910687,0.149147266714221,-0.23249426870158
268,"7/26/2022","10:25:21",NA,NA,"Timp Hwy East","Passenger Vehicle","NISSAN","VERSA","2021","Gasoline","84047","a. 6,000 and less","6000",NA,2.29367081776111,-17.8520832891625,0.938188462643041,0.369444835289378,-1.10828631950642
269,"7/26/2022","10:26:25",41.3,-2.524,"Timp Hwy East","Truck","HYUNDAI","TUCSON/SPORT AND ECO/SE","2016","Gasoline","84020","a. 6,000 and less","6000",2022-04-01,4.62650857225946,5.2761081432216,4.72753641251084,0.154893618628401,-0.0499474088719439
270,"7/26/2022","10:26:28",42.2,-0.512,"Timp Hwy East","Passenger Vehicle","INFINITI","G37 AWD","2009","Gasoline","84660","a. 6,000 and less","6000",2022-01-31,8.86316110180171,NA,1.11284109816149,0.955163879453095,-0.49825605435017
271,"7/26/2022","10:26:30",41.7,-0.481,"Timp Hwy East","Truck","HONDA","RIDGELINE RTL","2006","Gasoline","84097","b. 6,001 - 10,000","10000",2022-06-15,8.1411488362161,-6.66925963210396,0.381795094719502,0.383272703700314,-0.326694579176962
272,"7/26/2022","10:26:32",37.5,-1.226,"Timp Hwy East","Truck","HYUNDAI","SANTA FE","2022","Gasoline","84604","a. 6,000 and less","6000",NA,-4.01627931883903,-3.91300356492602,23.9556717514038,0.392591303416515,0.358500742055417
273,"7/26/2022","10:26:46",51.4,-10.681,"Timp Hwy East","Passenger Vehicle","CHEVROLET","SONIC LT","2013","Gasoline","84601","a. 6,000 and less","6000",2021-08-31,2.12145319543888,1.66685608213054,1.27287191726333,0.0587661476682956,-0.248323673144675
274,"7/26/2022","10:27:50",NA,NA,"Timp Hwy East","Passenger Vehicle","HONDA","CIVIC","2017","Gasoline","84120","a. 6,000 and less","6000",2021-04-08,-2.5053733665625,8.03979964548025,-0.868874785960114,-0.0432318186185032,1.25645416202796
275,"7/26/2022","10:27:58",51.3,-3.06,"Timp Hwy East","Truck","TOYOTA","SIENNA","2014","Gasoline","84003","a. 6,000 and less","6000",2021-09-28,4.23908435777872,2.3314963967783,1.39662690001817,-0.0522788863319809,0.104463150245261
276,"7/26/2022","10:28:16",36.9,-5.409,"Timp Hwy East","Passenger Vehicle","SUBARU","LEGACY 2.5I PREMIUM","2010","Gasoline","84004","a. 6,000 and less","6000",2022-07-19,-13.6188044261114,17.9027415326767,2.00914779583018,0.0302120455332005,NA
277,"7/26/2022","10:28:30",NA,NA,"Timp Hwy East","Passenger Vehicle","LEXUS","RC-F","2015","Gasoline","84120","a. 6,000 and less","6000",2022-04-12,-2.08260116885991,22.4586222477589,1.06547363371136,0.209422282716828,NA
278,"7/26/2022","10:28:31",52.5,-0.813,"Timp Hwy East","Truck","FORD","F150","2014","Gasoline","84062","b. 6,001 - 10,000","8000",2021-09-17,14.487079091621,16.6125964873028,-0.567736883320282,-0.0261494574337174,0.452418242159824
279,"7/26/2022","10:28:38",NA,NA,"Timp Hwy East","Passenger Vehicle","MAZDA","3","2022","Gasoline","84119","a. 6,000 and less","6000",NA,5.43233431380343,1.79058824420141,0.543706631233462,0.0273509515102647,0.187197861893784
280,"7/26/2022","10:28:48",59.1,-7.368,"Timp Hwy East","Truck","MAZDA","CX-5","2019","Gasoline","84043","a. 6,000 and less","6000",2021-07-02,-2.37266687757039,8.40978593272171,-0.598815926243955,-0.149656904837228,NA
281,"7/26/2022","10:29:36",46,-1.765,"Timp Hwy East","Truck","BMW","X2","2022","Gasoline","84047","a. 6,000 and less","6000",NA,14.4005760230409,-6.53740435331699,1.0428988588115,0.133576771642294,NA
282,"7/26/2022","10:29:37",44.6,-11.609,"Timp Hwy East","Passenger Vehicle","PORSCHE","911 TURBO","2003","Gasoline","84020","a. 6,000 and less","6000",2022-04-16,-14.6584579302257,0.795744859069397,12.4116209208557,0.21764002634715,-0.632693310793575
283,"7/26/2022","10:29:41",NA,NA,"Timp Hwy East","Truck","VOLVO","XC90","2022","Gasoline","84032","a. 6,000 and less","6000",NA,2.78215709913753,2.37335034171324,0.881489570696126,0.0667623072599159,0.189357018890279
284,"7/26/2022","10:31:07",NA,NA,"Timp Hwy East","Passenger Vehicle","TOYOTA","CAMRY/SE/LE/XLE","2012","Gasoline","84020","a. 6,000 and less","6000",2022-02-26,16.5255945183394,-15.4123721233758,0.169862382679795,0.265110074662674,NA
285,"7/26/2022","10:31:13",47.6,-1.932,"Timp Hwy East","Passenger Vehicle","TOYOTA","YARIS","2011","Gasoline","84660","a. 6,000 and less","6000",2022-01-22,-32.4567794926144,7.91074858770427,0.969445206710889,-0.0193037405728669,NA
286,"7/26/2022","10:31:20",52.7,-5.714,"Timp Hwy East","Truck","BMW","X2","2021","Gasoline","84020","a. 6,000 and less","6000",NA,-3.28515111695138,53.9270191044173,-0.806847554547949,0.16723585218986,NA
287,"7/26/2022","10:31:24",49.7,-0.981,"Timp Hwy East","Truck","RAM","PROMASTER 2500","2014","Gasoline","84121","b. 6,001 - 10,000","10000",2022-01-12,177.804868559275,-1.2635502798523,3.65308689779879,0.789765242733196,-0.441038334485103
288,"7/26/2022","10:31:50",48.4,-3.955,"Timp Hwy East","Passenger Vehicle","PORSCHE","911 CARRERA 4S TARGA","2008","Gasoline","84095","a. 6,000 and less","6000",2022-04-28,5.4084715131848,6.38463466434498,-0.797137090619223,-0.213041012043743,NA
289,"7/26/2022","10:31:52",45.7,-1.078,"Timp Hwy East","Passenger Vehicle","TOYOTA","COROLLA","2008","Gasoline","84074","a. 6,000 and less","6000",NA,4.63060965283658,3.65912664811903,1.16946519293577,0.0891628613765574,NA
290,"7/26/2022","10:31:56",35.5,-0.519,"Timp Hwy East","Truck","FORD","TRANSIT","2018","Gasoline","84117","b. 6,001 - 10,000","10000",2022-02-15,-0.132814471464811,0.0417416910317977,0.818232011702852,0.105634938554333,-0.436390406241521
291,"7/26/2022","10:32:05",58.2,-0.977,"Timp Hwy East","Truck","CHEVROLET","EXPRESS G1500","2009","Gasoline","84025","b. 6,001 - 10,000","8000",2021-09-27,3.41844381919062,10.3717839393245,-0.181722219509172,0.100581135449262,0.68472181004722
292,"7/26/2022","10:32:07",49.5,2.908,"Timp Hwy East","Passenger Vehicle","SUBARU","IMPREZA","2005","Gasoline","84096","a. 6,000 and less","6000",2022-04-05,8.95750454461628,7.57624228920696,0.359899736167618,0.194345857530514,0.305138521409565
293,"7/26/2022","10:32:58",44.5,-9.002,"Timp Hwy East","Passenger Vehicle","TOYOTA","AVALON","2015","Hybrid","84003","a. 6,000 and less","6000",2022-01-03,4.34347688743814,8.97651890070549,-0.621906917974097,-0.0119868680335143,0.901694520074008
294,"7/26/2022","10:33:00",42,-1.204,"Timp Hwy East","Truck","MAZDA","CX-9","2015","Gasoline","84020","a. 6,000 and less","6000",2021-12-27,3.43688037012558,4.77764139363611,1.05514115758663,0.0224719101123595,-0.371353035596261
295,"7/26/2022","10:33:03",37.4,-4.677,"Timp Hwy East","Passenger Vehicle","MAZDA","CX-3","2019","Gasoline","84004","a. 6,000 and less","6000",2021-09-08,16.8260242508413,-8.68772272543439,0.439250803146963,0.072159225316108,-0.35979457751799
296,"7/26/2022","10:34:31",37.4,-7.331,"Timp Hwy East","Passenger Vehicle","CHEVROLET","IMPALA","2010","Gasoline","84009","a. 6,000 and less","6000",2021-12-31,1.98878326240006,1.5001108036389,0.0823924494422883,0.122357522620042,0.0196037207293721
297,"7/26/2022","10:35:15",46.7,-12.58,"Timp Hwy East","Passenger Vehicle","HYUNDAI","SONATA SE/LIMITED","2012","Gasoline","84121","a. 6,000 and less","6000",2021-10-01,-9.0788825192602,27.4738102031817,1.79122646438669,0.639412725999326,-0.835257191771938
298,"7/26/2022","10:37:33",35,-7.715,"Timp Hwy East","Passenger Vehicle","TOYOTA","CAMRY NEW GENERATION","2007","Hybrid","84004","a. 6,000 and less","6000",2022-02-15,-40.4424716409498,NA,-0.146450463508168,0.311421123088847,NA
299,"7/26/2022","10:37:36",29,-0.339,"Timp Hwy East","Truck","SUBARU","FORESTER","2009","Gasoline","84014","a. 6,000 and less","6000",2021-12-29,17.055821455959,2.20233530649481,0.0892455773858318,0.324306151050737,-0.195490312368965
300,"7/26/2022","10:37:38",26.8,0.631,"Timp Hwy East","Truck","TOYOTA","TUNDRA DOUBLE CAB LIMITED","2006","Gasoline","84119","b. 6,001 - 10,000","8000",2022-07-06,10.6305228888446,-2.29695226705392,0.283322418064296,0.0387254762379339,0.183376519832569
301,"8/2/2022","10:00:12",50.9,5.151,"Timp Hwy West","Truck","FORD","TRANSIT","2018","Gasoline","84003","b. 6,001 - 10,000","10000",2022-07-12,34.5189657435359,7.42504640654004,-0.516096975606097,2.50060937880862,-0.442034012712579
302,"8/2/2022","10:00:14",54.7,3.952,"Timp Hwy West","Truck","FORD","F150","2016","Gasoline","84128","b. 6,001 - 10,000","10000",2022-03-07,17.2691235919777,13.7330649517156,0.263522340526932,0.0135031837610432,NA
303,"8/2/2022","10:00:16",54.1,-0.984,"Timp Hwy West","Truck","HYUNDAI","KONA","2018","Gasoline","84118","a. 6,000 and less","6000",2020-09-29,12.2375458907971,-40.6647953501254,1.58518451587051,0.558497630080398,NA
304,"8/2/2022","10:00:44",46,-2.68,"Timp Hwy West","Truck","TOYOTA","HIGHLANDER","2019","Gasoline","84653","a. 6,000 and less","6000",2021-10-15,1.59014112502485,2.08232766372301,-0.0937047448675355,-0.0836717115786883,-0.0587784308714541
305,"8/2/2022","10:00:49",53.8,0.133,"Timp Hwy West","Truck","HONDA","CR-V","2019","Gasoline","84004","a. 6,000 and less","6000",2021-07-23,3.05497629072748,-0.459195194009969,1.50566688614426,0.523378158627272,NA
306,"8/2/2022","10:00:57",NA,NA,"Timp Hwy West","Truck","TOYOTA","TUNDRA","2021","Gasoline","84020","b. 6,001 - 10,000","8000",NA,4.8333825622298,-12.7010552885261,0.809879280516482,0.0497243821134157,NA
307,"8/2/2022","10:01:12",57.4,-0.924,"Timp Hwy West","Truck","KIA","SORENTO","2020","Gasoline","84062","a. 6,000 and less","6000",2022-08-09,1.45907945350842,1.04219960964887,-0.171962935592064,0.0676482292081178,-1.15712580296743
308,"8/2/2022","10:01:16",47.7,-0.871,"Timp Hwy West","Truck","LINCOLN","NAVIGATOR","2022","Gasoline","84062","b. 6,001 - 10,000","8000",NA,0.532162575666866,-2.09063869011983,0.121162014995581,0.0767359428305347,-0.609801294295407
309,"8/2/2022","10:02:01",53.6,-1.065,"Timp Hwy West","Truck","FORD","F150","2016","Gasoline","84062","b. 6,001 - 10,000","10000",2022-06-27,-9.33852140077821,27.3114693348156,0.651750972762646,-0.542569946266444,NA
310,"8/2/2022","10:02:17",58.8,-4.355,"Timp Hwy West","Truck","MAZDA","CX-5","2015","Gasoline","84017","a. 6,000 and less","6000",NA,3.16297213948707,7.91119579174088,-0.187801470782045,-0.196838534037722,NA
311,"8/2/2022","10:02:26",61.5,-11.142,"Timp Hwy West","Passenger Vehicle","HONDA","CIVIC LX","2011","Gasoline","84003","a. 6,000 and less","6000",2021-12-20,20.8925619834711,1.66233766233766,1.08949232585596,0.0891145218417946,NA
312,"8/2/2022","10:03:26",NA,NA,"Timp Hwy West","Truck","TOYOTA","4RUNNER","2021","Gasoline","84065","b. 6,001 - 10,000","8000",NA,9.76201783547042,5.92882395953474,0.7208439810941,-0.282731028140241,-0.151707033929608
313,"8/2/2022","10:03:42",52.3,-1.11,"Timp Hwy West","Truck","ACURA","RDX","2020","Gasoline","84020","a. 6,000 and less","6000",2022-03-14,6.46386829538559,6.30180046057417,-0.0664289671756099,-0.0160183325104308,0.0801858880375093
314,"8/2/2022","10:04:07",53.7,-10.037,"Timp Hwy West","Passenger Vehicle","BMW","428","2014","Gasoline","84004","a. 6,000 and less","6000",2022-07-12,-3.44727002731299,2.45854752497377,0.836720623387644,0.264038154839247,NA
315,"8/2/2022","10:04:23",60.4,-0.838,"Timp Hwy West","Truck","ACURA","MDX","2016","Gasoline","84088","a. 6,000 and less","6000",2022-02-12,5.86525552963257,20.7276268431333,6.43362672024221,-0.110788160004171,-0.321192564717974
316,"8/2/2022","10:04:30",NA,NA,"Timp Hwy West","Truck","TOYOTA","HIGHLANDER","2019","Hybrid","84003","a. 6,000 and less","6000",2021-09-04,26.7256349034079,-27.9698595305281,-0.00145353344289745,-0.0798958882445967,NA
317,"8/2/2022","10:04:42",56.4,-0.684,"Timp Hwy West","Truck","NISSAN","FRNTER SE/LE/OFF KIG","2008","Gasoline","84045","a. 6,000 and less","6000",2022-02-28,10.5614743818237,4.93748927350258,0.598326383505995,-0.148284986298373,NA
318,"8/2/2022","10:04:56",58,1.336,"Timp Hwy West","Truck","KIA","TELLURIDE","2020","Gasoline","84043","a. 6,000 and less","6000",NA,-1.54972686064081,30.4816514184613,-0.606053897286318,0.203078790696473,NA
319,"8/2/2022","10:04:58",58.1,-4.745,"Timp Hwy West","Truck","GENERAL MOTORS CORP.","TERRAIN","2022","Gasoline","84116","a. 6,000 and less","6000",NA,16.8269230769231,-8.81410256410256,0.221783424908425,1.05406746031746,0.186488858363858
320,"8/2/2022","10:04:59",54.7,-6.69,"Timp Hwy West","Truck","TOYOTA","RAV4","2017","Gasoline","84043","a. 6,000 and less","6000",2021-07-01,0.132957506780833,-1.29538599463611,0.26496531708466,0.125122510845534,-0.200955774534459
321,"8/2/2022","10:05:06",46.5,-6.515,"Timp Hwy West","Passenger Vehicle","FORD","FOCUS","2013","Gasoline","84043","a. 6,000 and less","6000",2022-02-18,10.5540897097625,5.59743686392763,0.0932906143987938,0.523039954768187,NA
322,"8/2/2022","10:05:18",54,-7.284,"Timp Hwy West","Passenger Vehicle","ACURA","TLX","2021","Gasoline","84062","a. 6,000 and less","6000",NA,-25.3439536567705,-6.82735078100755,-0.0387917658011793,0.0968836323651675,NA
323,"8/2/2022","10:05:21",55.3,-9.977,"Timp Hwy West","Passenger Vehicle","TOYOTA","COROLLA","2021","Hybrid","84655","a. 6,000 and less","6000",NA,1.76025347650062,-21.8735673761197,0.146526594335079,NA,NA
324,"8/2/2022","10:05:39",56.5,-0.517,"Timp Hwy West","Truck","SUBARU","OUTBACK","2015","Gasoline","84121","a. 6,000 and less","6000",2021-08-02,-11.478757624698,-3.69150743545106,0.626374066397558,0.192059445473041,0.14253108512395
325,"8/2/2022","10:05:42",58,-3.341,"Timp Hwy West","Passenger Vehicle","MAZDA","3","2022","Gasoline","84004","a. 6,000 and less","6000",NA,-7.96136086195,2.21022542024612,0.429344817912304,0.501897457672098,NA
326,"8/2/2022","10:06:12",57.6,1.411,"Timp Hwy West","Truck","CADILLAC","ESCALADE","2022","Gasoline","84003","b. 6,001 - 10,000","8000",NA,6.57125208637254,10.4501683179284,0.346398859981638,-0.0486742029540594,-0.656374208398811
327,"8/2/2022","10:06:17",50.6,2.418,"Timp Hwy West","Truck","GENERAL MOTORS CORP.","YUKON","2018","Gasoline","84043","b. 6,001 - 10,000","10000",2022-01-14,3.96521187448783,4.61097495119013,0.138782415607074,-0.00802483355551108,-0.488570748820821
328,"8/2/2022","10:06:20",51.7,-0.678,"Timp Hwy West","Passenger Vehicle","TOYOTA","SEQUOIA","2008","Gasoline","84003","a. 6,000 and less","6000",2021-09-01,7.97246840909393,-1.96274579404836,-0.220666536323136,-0.275904353157572,-1.11984708046309
329,"8/2/2022","10:06:21",46.9,-10.392,"Timp Hwy West","Passenger Vehicle","SUBARU","IMPREZA","2018","Gasoline","84020","a. 6,000 and less","6000",2022-02-18,6.24053960750989,-0.709410885473769,0.540593856577605,0.152362110630162,-1.26954199371014
330,"8/2/2022","10:06:26",57.2,-0.674,"Timp Hwy West","Truck","ACURA","MDX","2014","Gasoline","84062","a. 6,000 and less","6000",2022-05-23,6.72335376705557,7.04351347024869,0.105935195909489,0.086443119862143,-0.266391705980395
331,"8/2/2022","10:06:38",NA,NA,"Timp Hwy West","Passenger Vehicle","FORD","FOCUS","2013","Gasoline","84003","a. 6,000 and less","6000",2021-09-25,-4.40117364630568,-3.98201425141943,0.232919254658385,0.176523263346416,NA
332,"8/2/2022","10:07:35",55.8,1.269,"Timp Hwy West","Truck","GENERAL MOTORS CORP.","SIERRA","2018","Gasoline","84003","b. 6,001 - 10,000","10000",2022-03-15,1.4599315159398,0.500547948322216,0.415227275312748,-0.122482566142482,NA
333,"8/2/2022","10:07:39",61,0.938,"Timp Hwy West","Truck","FORD","F150","2020","Gasoline","84062","b. 6,001 - 10,000","8000",NA,-25.1529924281714,30.1947041652466,0.715415561515551,NA,NA
334,"8/2/2022","10:07:47",54.2,-1.652,"Timp Hwy West","Truck","FORD","F150","2000","Gasoline","84043","b. 6,001 - 10,000","8000",2021-07-21,-2.78710499422671,1.20964148729023,0.435129657261925,0.303784964421752,0.159168343037641
335,"8/2/2022","10:08:59",57.6,-0.473,"Timp Hwy West","Truck","CADILLAC","SRX","2014","Gasoline","84121","a. 6,000 and less","6000",2021-10-06,1.53246919098397,42.1429027520592,0.529522836527498,0.725733624015982,NA
336,"8/2/2022","10:09:01",54.6,-3.888,"Timp Hwy West","Passenger Vehicle","MAZDA","3","2021","Gasoline","84003","a. 6,000 and less","6000",NA,-30.8429524515514,8.44540929789262,0.523346848005325,0.462124249254928,NA
337,"8/2/2022","10:09:09",48,-2.025,"Timp Hwy West","Truck","HONDA","CR-V","2016","Gasoline","84043","a. 6,000 and less","6000",2022-06-23,1.59608427324963,1.58848387194844,19.1416106770437,0.214806341774846,1.97315918280485
338,"8/2/2022","10:09:12",48.4,0.819,"Timp Hwy West","Truck","TOYOTA","HIGHLANDER","2018","Gasoline","84003","a. 6,000 and less","6000",2022-02-21,4.88997555012225,4.56901190397523,0.138769576422388,0.135607140497116,-0.868489866044878
339,"8/2/2022","10:09:14",NA,NA,"Timp Hwy West","Truck","CHEVROLET","SILVERADO","2001","Gasoline","84062","b. 6,001 - 10,000","10000",2021-12-27,-1.59239894901669,1.5014047233586,2.04452650775536,0.31018604527721,0.276868888695105
340,"8/2/2022","10:09:23",55.1,-4.093,"Timp Hwy West","Truck","BMW","X3","2016","Gasoline","84003","a. 6,000 and less","6000",2020-09-21,15.0782859219968,-17.4323448465534,0.739970728123504,0.783051545043494,NA
341,"8/2/2022","10:09:37",56.3,-8.031,"Timp Hwy West","Passenger Vehicle","HONDA","ACCORD","2012","Gasoline","84045","a. 6,000 and less","6000",2021-12-28,18.7699680511182,-5.6481058877225,-0.332325422181652,-0.0371786094629545,0.916343374410467
342,"8/2/2022","10:09:39",NA,NA,"Timp Hwy West","Truck","FORD","F150","2018","Gasoline","84062","b. 6,001 - 10,000","10000",2020-06-03,-1.61546538865405,-14.8507425371269,0.00144237981129826,0.341651697969514,NA
343,"8/2/2022","10:09:46",63.9,0.659,"Timp Hwy West","Truck","TOYOTA","4RUNNER","2019","Gasoline","84020","b. 6,001 - 10,000","8000",2021-04-16,-1.20009600768061,-4.27462768450047,0.32859771638874,0.499516151768332,0.225637098586935
344,"8/2/2022","10:10:06",49,-0.201,"Timp Hwy West","Truck","CHEVROLET","TRAVERSE","2018","Gasoline","84003","b. 6,001 - 10,000","8000",2022-05-24,-19.7844535846306,25.403684668536,2.1323141116706,0.945944187015151,NA
345,"8/2/2022","10:10:18",NA,NA,"Timp Hwy West","Passenger Vehicle","BUICK","PARK AVENUE","1999","Gasoline","84043","a. 6,000 and less","6000",2022-08-02,15.4095486064986,-2.46325050384669,1.42044915418278,0.583124267002691,NA
346,"8/2/2022","10:10:31",61.2,-2.839,"Timp Hwy West","Truck","FORD","EXPEDITION","2020","Gasoline","84004","b. 6,001 - 10,000","8000",2022-03-22,4.63159009104383,3.16082393152052,0.0326101751308188,-0.0369581984815946,-0.141310758900215
347,"8/2/2022","10:10:37",NA,NA,"Timp Hwy West","Truck","FORD","F150","2022","Gasoline","84062","b. 6,001 - 10,000","8000",NA,-8.21172796295299,-13.8349346523381,-0.173080917251937,NA,NA
348,"8/2/2022","10:10:51",54.4,4.581,"Timp Hwy West","Truck","FORD","F150","2011","Gasoline","84004","b. 6,001 - 10,000","8000",2022-07-29,-2.65710110269696,0,0.00284689403860388,0.0209721194177153,0.100400463094764
349,"8/2/2022","10:11:07",60,-3.9,"Timp Hwy West","Passenger Vehicle","HONDA","ODYSSEY","2003","Gasoline","84043","a. 6,000 and less","6000",2021-12-15,-0.792989968676896,7.31061228265939,10.5396863158252,0.0746260202665579,-0.219299487766242
350,"8/2/2022","10:11:10",62.2,0.016,"Timp Hwy West","Truck","BMW","X5","2015","Gasoline","84010","b. 6,001 - 10,000","10000",2021-11-08,8.51353652307168,13.7077293556095,-0.537475465110405,-0.310135973340468,NA
351,"8/2/2022","10:11:20",59.6,-0.928,"Timp Hwy West","Truck","ACURA","RDX","2010","Gasoline","84009","a. 6,000 and less","6000",2022-06-23,-9.15775223634964,2.16904110939627,0.639905047571015,0.436747045060692,0.1766137931296
352,"8/2/2022","10:11:35",60.3,0.896,"Timp Hwy West","Truck","GENERAL MOTORS CORP.","CANYON","2021","Gasoline","84003","a. 6,000 and less","6000",NA,7.43652395623074,-0.918183059901959,0.951856095673157,-0.256389339970557,NA
353,"8/2/2022","10:11:46",59.5,-8.033,"Timp Hwy West","Passenger Vehicle","NISSAN","SENTRA","2016","Gasoline","84045","a. 6,000 and less","6000",NA,86.423674528177,-9.73329854454289,0.120531814727003,1.24549541884569,0.737087497589364
354,"8/2/2022","10:11:50",NA,NA,"Timp Hwy West","Passenger Vehicle","SUBARU","IMPREZA WRX","2008","Gasoline","84003","a. 6,000 and less","6000",2021-12-22,-2.23416698426884,11.8542271753558,0.315411809543836,0.695783432243723,0.0539767233594362
355,"8/2/2022","10:11:54",NA,NA,"Timp Hwy West","Passenger Vehicle","HYUNDAI","ELANTRA","2013","Gasoline","84058","a. 6,000 and less","6000",2022-01-06,41.8275418275418,27.3028130170987,-0.885273028130171,NA,NA
356,"8/2/2022","10:11:57",NA,NA,"Timp Hwy West","Truck","LINCOLN","MKC","2019","Gasoline","84062","a. 6,000 and less","6000",NA,-18.1469110801357,13.7210184812952,0.439583560326269,0.0670646713831102,NA
357,"8/2/2022","10:12:08",57.6,-0.753,"Timp Hwy West","Truck","CHEVROLET","EQUINOX","2014","Gasoline","84003","a. 6,000 and less","6000",2022-01-17,18.6202524959062,3.23732049472898,-0.239120263815209,1.11047073205702,0.13451104386607
358,"8/2/2022","10:12:15",51.6,0.189,"Timp Hwy West","Truck","TOYOTA","SCION","2009","Gasoline","84043","a. 6,000 and less","6000",2021-11-29,10.1098604839253,-18.2170057481778,-0.141538046774955,0.324911659076248,0.608998738674549
359,"8/2/2022","10:12:58",59.4,-0.218,"Timp Hwy West","Truck","TOYOTA","HIGHLANDER","2019","Gasoline","84660","a. 6,000 and less","6000",2021-11-13,1.06849022331446,-6.54831865431288,-0.220376108558607,0.508439164745928,0.638518309343184
360,"8/2/2022","10:13:03",57.1,-5.365,"Timp Hwy West","Passenger Vehicle","CHEVROLET","CAMARO LT","2013","Gasoline","84043","a. 6,000 and less","6000",2022-01-22,-1.2031442168868,-7.01643151244777,0.402480386839512,0.373356657779951,2.18962698709771
361,"8/2/2022","10:13:14",NA,NA,"Timp Hwy West","Passenger Vehicle","HONDA","CIVIC","2016","Gasoline","84081","a. 6,000 and less","6000",2022-03-15,-21.5138396956579,16.9037311894455,0.372463034800697,0.395045070369746,NA
362,"8/2/2022","10:13:19",NA,NA,"Timp Hwy West","Passenger Vehicle","FORD","MUSTANG","1966","Gasoline","84003","a. 6,000 and less","6000",NA,803.306362419233,11.7086476013072,6.07219778300749,0.183072355783224,0.411216352190798
363,"8/2/2022","10:13:23",58.9,-12.311,"Timp Hwy West","Passenger Vehicle","ACURA","TL","2014","Gasoline","84003","a. 6,000 and less","6000",2022-04-01,22.7566994938596,13.4410259572107,1.46853578014562,0.57410220336418,NA
364,"8/2/2022","10:13:56",NA,NA,"Timp Hwy West","Truck","FORD","F150","2021","Gasoline","84104","b. 6,001 - 10,000","8000",NA,-1.18248347807807,12.0575775605929,0.834777026786066,-0.0462670122771816,-0.151095111087753
365,"8/2/2022","10:13:58",39.6,0.757,"Timp Hwy West","Truck","FORD","F150","2020","Gasoline","84003","b. 6,001 - 10,000","8000",2022-08-11,-22.6412096496571,6.94935708043777,0.780242187174899,0.272517316647815,NA
366,"8/2/2022","10:14:02",49.8,-0.261,"Timp Hwy West","Truck","INFINITI","QX60","2016","Gasoline","84003","a. 6,000 and less","6000",2022-06-08,-2.53444849066923,-4.44386006033131,0.488786494629065,0.29803589769975,-0.287078695578435
367,"8/2/2022","10:14:04",56.5,-8.881,"Timp Hwy West","Passenger Vehicle","BMW","M8","2020","Gasoline","84004","a. 6,000 and less","6000",2022-04-26,-6.24368988787927,0.918524591408379,1.42902689531097,0.903342366757001,NA
368,"8/2/2022","10:14:05",NA,NA,"Timp Hwy West","Passenger Vehicle","AUDI","R8","2017","Gasoline","84003","a. 6,000 and less","6000",2021-09-24,17.2019107353155,1.70506851464336,2.38889172436868,0.898988867906338,NA
369,"8/2/2022","10:14:11",56.5,6.052,"Timp Hwy West","Truck","FORD","F150","2015","Gasoline","84004","b. 6,001 - 10,000","10000",2021-11-24,9.51487187508146,19.0073996283428,0.304438659799573,0.367979756225631,NA
370,"8/2/2022","10:14:16",59.3,2.163,"Timp Hwy West","Truck","TOYOTA","HIGHLANDER","2011","Gasoline","84003","a. 6,000 and less","6000",2022-04-12,0.397951874353328,1.12563530174227,-0.0739053480941895,-0.00161075758666823,0.385729066783905
371,"8/2/2022","10:14:21",60.3,-1.091,"Timp Hwy West","Truck","CHEVROLET","TRAVERSE","2020","Gasoline","84043","b. 6,001 - 10,000","8000",2022-06-13,-19.4020399089182,-13.0001366611938,0.441742872926263,0.743600502759209,0.768093653338671
372,"8/2/2022","10:14:49",NA,NA,"Timp Hwy West","Passenger Vehicle","FORD","MUSTANG","2017","Gasoline","84003","a. 6,000 and less","6000",NA,0.797278622302541,-0.751719843885253,-0.00996598277878176,0.286403362237847,-0.735679357317499
373,"8/2/2022","10:14:59",66.9,1.736,"Timp Hwy West","Truck","FORD","F150","2008","Gasoline","84045","b. 6,001 - 10,000","8000",2021-12-14,67.6107811786204,10.0502512562814,9.13472744054223,1.32578476799582,1.05070808588397
374,"8/2/2022","10:15:06",64.8,0.476,"Timp Hwy West","Truck","TOYOTA","HIGHLANDER","2019","Gasoline","84020","a. 6,000 and less","6000",2020-11-04,-16.1128427280892,8.59225828849158,0.169807476057146,0.330369878417847,NA
375,"8/2/2022","10:15:23",58,6.728,"Timp Hwy West","Truck","MERCEDES-BENZ","GLC COUPE","2017","Gasoline","84003","a. 6,000 and less","6000",2021-05-28,-12.3879810226674,10.5617892913623,1.01805482340538,0.0424071842759244,-0.68416296407862
376,"8/2/2022","10:15:51",50.1,5.353,"Timp Hwy West","Truck","FORD","ECONOLINE E350 SUPER DUTY","2003","Gasoline","84115","b. 6,001 - 10,000","8000",2022-04-18,15.1793138950119,5.06102838437417,3.86223971247928,2.23668604464792,0.177814819912997
377,"8/2/2022","10:16:09",51.7,-4.253,"Timp Hwy West","Truck","TOYOTA","SEQUOIA","2008","Gasoline","84043","b. 6,001 - 10,000","8000",2021-09-29,-25.107843530056,-2.35052152196269,0.164555585445845,0.561921551344205,NA
378,"8/2/2022","10:16:12",52.1,-0.079,"Timp Hwy West","Truck","HONDA","ODYSSEY","2012","Gasoline","84003","b. 6,001 - 10,000","8000",2022-01-19,-22.4352437283296,-22.8625817041073,-0.119460388683313,0.573749793615182,NA
379,"8/2/2022","10:16:14",45.9,1.842,"Timp Hwy West","Truck","CHEVROLET","SUBURBAN","2021","Gasoline","84004","b. 6,001 - 10,000","8000",NA,59.6622642749195,2.06508781316587,-0.632198473712371,1.89654848732318,-0.0518149305848892
380,"8/2/2022","10:16:23",53.3,-10.999,"Timp Hwy West","Passenger Vehicle","TOYOTA","CAMRY","2000","Gasoline","84096","a. 6,000 and less","6000",2022-04-15,-13.8321784351018,0.585207549177384,0.541506985440112,0.159887062543107,0.196652536817725
381,"8/2/2022","10:16:31",53.4,-0.924,"Timp Hwy West","Truck","DODGE","DURANGO","2018","Gasoline","84003","b. 6,001 - 10,000","10000",2020-04-04,16.6807845181469,18.0212047026408,0.223403364082324,0.0158244049558313,0.781446350612963
382,"8/2/2022","10:17:00",51.5,-0.54,"Timp Hwy West","Truck","TOYOTA","SIENNA","2012","Gasoline","84020","a. 6,000 and less","6000",2022-04-22,-14.2553556579243,9.00199310991143,0.574174047333061,0.211567580002527,0.0997497770243642
383,"8/2/2022","10:17:01",59.5,-10.15,"Timp Hwy West","Passenger Vehicle","CHEVROLET","MALIBU","2017","Gasoline","84107","a. 6,000 and less","6000",2021-04-18,-14.5171046441293,-10.9838410799497,0.681209374669957,0.318281758566724,0.340076618052288
384,"8/2/2022","10:17:03",57.8,0.195,"Timp Hwy West","Truck","TOYOTA","RAV4","2021","Hybrid","84062","a. 6,000 and less","6000",NA,3.21435746333623,-9.89180243181449,-0.00717490505208981,0.189465326075518,-0.33444624082808
385,"8/2/2022","10:17:17",59.4,-9.331,"Timp Hwy West","Passenger Vehicle","LEXUS","ES","2012","Gasoline","84003","a. 6,000 and less","6000",2022-02-08,-15.7133455995917,-10.0035877846485,0.00287790212446735,1.14075243710345,NA
386,"8/2/2022","10:17:22",62.7,1.555,"Timp Hwy West","Truck","JEEP","GRAND CHEROKEE LIMITED","2014","Gasoline","84043","b. 6,001 - 10,000","10000",2021-11-19,9.77116976747257,4.81390448775868,0.195234762728458,0.349536246701287,0.0911095559399469
387,"8/2/2022","10:17:29",55,2.412,"Timp Hwy West","Truck","FORD","F150","2014","Gasoline","84004","b. 6,001 - 10,000","8000",2022-02-04,2.90118816842716,7.33586151159439,0.488869045264187,0.538839185632713,1.60318904631916
388,"8/2/2022","10:18:12",58.7,-0.312,"Timp Hwy West","Passenger Vehicle","HONDA","PILOT","2005","Gasoline","84003","a. 6,000 and less","6000",2022-04-26,1.7502288760838,-13.2440396051791,12.118411638445,0.336774809013486,NA
389,"8/2/2022","10:19:08",57.5,4.332,"Timp Hwy West","Truck","GENERAL MOTORS CORP.","YUKON XL","2022","Gasoline","84003","b. 6,001 - 10,000","8000",NA,1.31540869748231,10.2940126354401,-0.0775151553873503,0.0686831255613976,-0.00216102857443522
390,"8/2/2022","10:19:31",NA,NA,"Timp Hwy West","Truck","CHEVROLET","4500","2016","Gasoline","84088","d. 14,001 - 16,000","16000",2022-07-28,1.19298524674912,1.95801070656918,0.390560646257151,0.200393117043214,0.657656787612647
391,"8/2/2022","10:19:33",52.3,1.855,"Timp Hwy West","Truck","FORD","TRANSIT","2018","Gasoline","84003","b. 6,001 - 10,000","8000",2022-07-23,9.62870144430522,6.21814378986443,1.58138702292234,0.196201279430192,0.403048774743031
392,"8/2/2022","10:19:53",NA,NA,"Timp Hwy West","Truck","NISSAN","TITAN","2014","Gasoline","84004","b. 6,001 - 10,000","8000",2021-10-06,10.1936799184506,1.8307016996401,0.0992890901147782,0.155931151999304,-0.413231736953886
393,"8/2/2022","10:20:07",NA,NA,"Timp Hwy West","Passenger Vehicle","CADILLAC","CTS","2014","Gasoline","84003","a. 6,000 and less","6000",2021-12-17,59.2310539954519,-4.48765893792072,-0.770608100451033,0.62772451515907,NA
394,"8/2/2022","10:20:09",59,1.344,"Timp Hwy West","Truck","RAM","1500","2017","Gasoline","84104","b. 6,001 - 10,000","10000",2021-08-10,5.86627558162789,-5.2377460550249,0.219985334311046,0.259030350357595,0.332930185606674
395,"8/2/2022","10:20:21",59.9,-1.181,"Timp Hwy West","Truck","TOYOTA","SIENNA/LIMITED","2014","Gasoline","84003","a. 6,000 and less","6000",2022-07-12,-0.663173950527223,1.45898269115989,-0.028421740736881,0.00161056530842326,0.165604009360227
396,"8/2/2022","10:20:24",NA,NA,"Timp Hwy West","Truck","JEEP","Wrangler Unlimited","2015","Gasoline","84003","a. 6,000 and less","6000",2022-06-16,-4.17592779686132,-15.0294912873212,0.854429466270242,0.321421354963485,-0.055326232331688
397,"8/2/2022","10:20:48",45.1,-0.646,"Timp Hwy West","Truck","TOYOTA","4RUNNER","2003","Gasoline","84096","a. 6,000 and less","6000",2021-11-01,-3.02218017449806,12.0999834812512,0.00281569581474974,0.0694069018335811,-0.947669354717604
398,"8/2/2022","10:21:01",59.8,-1.368,"Timp Hwy West","Truck","HYUNDAI","PALISADE","2021","Gasoline","84062","a. 6,000 and less","6000",NA,-28.2070636843987,7.74133498300198,1.48555310249323,NA,NA
399,"8/2/2022","10:21:08",NA,NA,"Timp Hwy West","Truck","VOLKSWAGEN","EUROVAN","1993","Gasoline","84003","a. 6,000 and less","6000",2022-03-08,97.0925017149491,-6.50926826326541,7.20137271308714,0.720043043337329,NA
400,"8/2/2022","10:21:15",56.9,1.807,"Timp Hwy West","Truck","RAM","PROMASTER 1500","2019","Gasoline","84106","b. 6,001 - 10,000","8000",2021-08-20,3.04269026735987,3.82509633610955,0.443646919417845,0.0634523762277066,-0.271668773871417
